id,name,NAME,sprite_file,layer
1,"Bulbasaur",SPECIES_BULBASAUR,BULBASAUR,L1
2,"Ivysaur",SPECIES_IVYSAUR,IVYSAUR,L1
3,"Venusaur",SPECIES_VENUSAUR,VENUSAUR,L1
4,"Charmander",SPECIES_CHARMANDER,CHARMANDER,L1
5,"Charmeleon",SPECIES_CHARMELEON,CHARMELEON,L1
6,"Charizard",SPECIES_CHARIZARD,CHARIZARD,L1
7,"Squirtle",SPECIES_SQUIRTLE,SQUIRTLE,L1
8,"Wartortle",SPECIES_WARTORTLE,WARTORTLE,L1
9,"Blastoise",SPECIES_BLASTOISE,BLASTOISE,L1
10,"Caterpie",SPECIES_CATERPIE,CATERPIE,L1
11,"Metapod",SPECIES_METAPOD,METAPOD,L1
12,"Butterfree",SPECIES_BUTTERFREE,BUTTERFREE,L1
13,"Weedle",SPECIES_WEEDLE,WEEDLE,L1
14,"Kakuna",SPECIES_KAKUNA,KAKUNA,L1
15,"Beedrill",SPECIES_BEEDRILL,BEEDRILL,L1
16,"Pidgey",SPECIES_PIDGEY,PIDGEY,L1
17,"Pidgeotto",SPECIES_PIDGEOTTO,PIDGEOTTO,L1
18,"Pidgeot",SPECIES_PIDGEOT,PIDGEOT,L1
19,"Rattata",SPECIES_RATTATA,RATTATA,L1
20,"Raticate",SPECIES_RATICATE,RATICATE,L1
21,"Spearow",SPECIES_SPEAROW,SPEAROW,L1
22,"Fearow",SPECIES_FEAROW,FEAROW,L1
23,"Ekans",SPECIES_EKANS,EKANS,L1
24,"Arbok",SPECIES_ARBOK,ARBOK,L1
25,"Pikachu",SPECIES_PIKACHU,PIKACHU,L1
26,"Raichu",SPECIES_RAICHU,RAICHU,L1
27,"Sandshrew",SPECIES_SANDSHREW,SANDSHREW,L1
28,"Sandslash",SPECIES_SANDSLASH,SANDSLASH,L1
29,"Nidoran♀",SPECIES_NIDORAN_F,NIDORAN_F,L1
30,"Nidorina",SPECIES_NIDORINA,NIDORINA,L1
31,"Nidoqueen",SPECIES_NIDOQUEEN,NIDOQUEEN,L1
32,"Nidoran♂",SPECIES_NIDORAN_M,NIDORAN_M,L1
33,"Nidorino",SPECIES_NIDORINO,NIDORINO,L1
34,"Nidoking",SPECIES_NIDOKING,NIDOKING,L1
35,"Clefairy",SPECIES_CLEFAIRY,CLEFAIRY,L1
36,"Clefable",SPECIES_CLEFABLE,CLEFABLE,L1
37,"Vulpix",SPECIES_VULPIX,VULPIX,L1
38,"Ninetales",SPECIES_NINETALES,NINETALES,L1
39,"Jigglypuff",SPECIES_JIGGLYPUFF,JIGGLYPUFF,L1
40,"Wigglytuff",SPECIES_WIGGLYTUFF,WIGGLYTUFF,L1
41,"Zubat",SPECIES_ZUBAT,ZUBAT,L1
42,"Golbat",SPECIES_GOLBAT,GOLBAT,L1
43,"Oddish",SPECIES_ODDISH,ODDISH,L1
44,"Gloom",SPECIES_GLOOM,GLOOM,L1
45,"Vileplume",SPECIES_VILEPLUME,VILEPLUME,L1
46,"Paras",SPECIES_PARAS,PARAS,L1
47,"Parasect",SPECIES_PARASECT,PARASECT,L1
48,"Venonat",SPECIES_VENONAT,VENONAT,L1
49,"Venomoth",SPECIES_VENOMOTH,VENOMOTH,L1
50,"Diglett",SPECIES_DIGLETT,DIGLETT,L1
51,"Dugtrio",SPECIES_DUGTRIO,DUGTRIO,L1
52,"Meowth",SPECIES_MEOWTH,MEOWTH,L1
53,"Persian",SPECIES_PERSIAN,PERSIAN,L1
54,"Psyduck",SPECIES_PSYDUCK,PSYDUCK,L1
55,"Golduck",SPECIES_GOLDUCK,GOLDUCK,L1
56,"Mankey",SPECIES_MANKEY,MANKEY,L1
57,"Primeape",SPECIES_PRIMEAPE,PRIMEAPE,L1
58,"Growlithe",SPECIES_GROWLITHE,GROWLITHE,L1
59,"Arcanine",SPECIES_ARCANINE,ARCANINE,L1
60,"Poliwag",SPECIES_POLIWAG,POLIWAG,L1
61,"Poliwhirl",SPECIES_POLIWHIRL,POLIWHIRL,L1
62,"Poliwrath",SPECIES_POLIWRATH,POLIWRATH,L1
63,"Abra",SPECIES_ABRA,ABRA,L1
64,"Kadabra",SPECIES_KADABRA,KADABRA,L1
65,"Alakazam",SPECIES_ALAKAZAM,ALAKAZAM,L1
66,"Machop",SPECIES_MACHOP,MACHOP,L1
67,"Machoke",SPECIES_MACHOKE,MACHOKE,L1
68,"Machamp",SPECIES_MACHAMP,MACHAMP,L1
69,"Bellsprout",SPECIES_BELLSPROUT,BELLSPROUT,L1
70,"Weepinbell",SPECIES_WEEPINBELL,WEEPINBELL,L1
71,"Victreebel",SPECIES_VICTREEBEL,VICTREEBEL,L1
72,"Tentacool",SPECIES_TENTACOOL,TENTACOOL,L1
73,"Tentacruel",SPECIES_TENTACRUEL,TENTACRUEL,L1
74,"Geodude",SPECIES_GEODUDE,GEODUDE,L1
75,"Graveler",SPECIES_GRAVELER,GRAVELER,L1
76,"Golem",SPECIES_GOLEM,GOLEM,L1
77,"Ponyta",SPECIES_PONYTA,PONYTA,L1
78,"Rapidash",SPECIES_RAPIDASH,RAPIDASH,L1
79,"Slowpoke",SPECIES_SLOWPOKE,SLOWPOKE,L1
80,"Slowbro",SPECIES_SLOWBRO,SLOWBRO,L1
81,"Magnemite",SPECIES_MAGNEMITE,MAGNEMITE,L1
82,"Magneton",SPECIES_MAGNETON,MAGNETON,L1
83,"Farfetch'd",SPECIES_FARFETCHD,FARFETCHD,L1
84,"Doduo",SPECIES_DODUO,DODUO,L1
85,"Dodrio",SPECIES_DODRIO,DODRIO,L1
86,"Seel",SPECIES_SEEL,SEEL,L1
87,"Dewgong",SPECIES_DEWGONG,DEWGONG,L1
88,"Grimer",SPECIES_GRIMER,GRIMER,L1
89,"Muk",SPECIES_MUK,MUK,L1
90,"Shellder",SPECIES_SHELLDER,SHELLDER,L1
91,"Cloyster",SPECIES_CLOYSTER,CLOYSTER,L1
92,"Gastly",SPECIES_GASTLY,GASTLY,L1
93,"Haunter",SPECIES_HAUNTER,HAUNTER,L1
94,"Gengar",SPECIES_GENGAR,GENGAR,L1
95,"Onix",SPECIES_ONIX,ONIX,L1
96,"Drowzee",SPECIES_DROWZEE,DROWZEE,L1
97,"Hypno",SPECIES_HYPNO,HYPNO,L1
98,"Krabby",SPECIES_KRABBY,KRABBY,L1
99,"Kingler",SPECIES_KINGLER,KINGLER,L1
100,"Voltorb",SPECIES_VOLTORB,VOLTORB,L1
101,"Electrode",SPECIES_ELECTRODE,ELECTRODE,L1
102,"Exeggcute",SPECIES_EXEGGCUTE,EXEGGCUTE,L1
103,"Exeggutor",SPECIES_EXEGGUTOR,EXEGGUTOR,L1
104,"Cubone",SPECIES_CUBONE,CUBONE,L1
105,"Marowak",SPECIES_MAROWAK,MAROWAK,L1
106,"Hitmonlee",SPECIES_HITMONLEE,HITMONLEE,L1
107,"Hitmonchan",SPECIES_HITMONCHAN,HITMONCHAN,L1
108,"Lickitung",SPECIES_LICKITUNG,LICKITUNG,L1
109,"Koffing",SPECIES_KOFFING,KOFFING,L1
110,"Weezing",SPECIES_WEEZING,WEEZING,L1
111,"Rhyhorn",SPECIES_RHYHORN,RHYHORN,L1
112,"Rhydon",SPECIES_RHYDON,RHYDON,L1
113,"Chansey",SPECIES_CHANSEY,CHANSEY,L1
114,"Tangela",SPECIES_TANGELA,TANGELA,L1
115,"Kangaskhan",SPECIES_KANGASKHAN,KANGASKHAN,L1
116,"Horsea",SPECIES_HORSEA,HORSEA,L1
117,"Seadra",SPECIES_SEADRA,SEADRA,L1
118,"Goldeen",SPECIES_GOLDEEN,GOLDEEN,L1
119,"Seaking",SPECIES_SEAKING,SEAKING,L1
120,"Staryu",SPECIES_STARYU,STARYU,L1
121,"Starmie",SPECIES_STARMIE,STARMIE,L1
122,"Mr. Mime",SPECIES_MR_MIME,MR_MIME,L1
123,"Scyther",SPECIES_SCYTHER,SCYTHER,L1
124,"Jynx",SPECIES_JYNX,JYNX,L1
125,"Electabuzz",SPECIES_ELECTABUZZ,ELECTABUZZ,L1
126,"Magmar",SPECIES_MAGMAR,MAGMAR,L1
127,"Pinsir",SPECIES_PINSIR,PINSIR,L1
128,"Tauros",SPECIES_TAUROS,TAUROS,L1
129,"Magikarp",SPECIES_MAGIKARP,MAGIKARP,L1
130,"Gyarados",SPECIES_GYARADOS,GYARADOS,L1
131,"Lapras",SPECIES_LAPRAS,LAPRAS,L1
132,"Ditto",SPECIES_DITTO,DITTO,L1
133,"Eevee",SPECIES_EEVEE,EEVEE,L1
134,"Vaporeon",SPECIES_VAPOREON,VAPOREON,L1
135,"Jolteon",SPECIES_JOLTEON,JOLTEON,L1
136,"Flareon",SPECIES_FLAREON,FLAREON,L1
137,"Porygon",SPECIES_PORYGON,PORYGON,L1
138,"Omanyte",SPECIES_OMANYTE,OMANYTE,L1
139,"Omastar",SPECIES_OMASTAR,OMASTAR,L1
140,"Kabuto",SPECIES_KABUTO,KABUTO,L1
141,"Kabutops",SPECIES_KABUTOPS,KABUTOPS,L1
142,"Aerodactyl",SPECIES_AERODACTYL,AERODACTYL,L1
143,"Snorlax",SPECIES_SNORLAX,SNORLAX,L1
144,"Articuno",SPECIES_ARTICUNO,ARTICUNO,L1
145,"Zapdos",SPECIES_ZAPDOS,ZAPDOS,L1
146,"Moltres",SPECIES_MOLTRES,MOLTRES,L1
147,"Dratini",SPECIES_DRATINI,DRATINI,L1
148,"Dragonair",SPECIES_DRAGONAIR,DRAGONAIR,L1
149,"Dragonite",SPECIES_DRAGONITE,DRAGONITE,L1
150,"Mewtwo",SPECIES_MEWTWO,MEWTWO,L1
151,"Mew",SPECIES_MEW,MEW,L1
152,"Chikorita",SPECIES_CHIKORITA,CHIKORITA,L1
153,"Bayleef",SPECIES_BAYLEEF,BAYLEEF,L1
154,"Meganium",SPECIES_MEGANIUM,MEGANIUM,L1
155,"Cyndaquil",SPECIES_CYNDAQUIL,CYNDAQUIL,L1
156,"Quilava",SPECIES_QUILAVA,QUILAVA,L1
157,"Typhlosion",SPECIES_TYPHLOSION,TYPHLOSION,L1
158,"Totodile",SPECIES_TOTODILE,TOTODILE,L1
159,"Croconaw",SPECIES_CROCONAW,CROCONAW,L1
160,"Feraligatr",SPECIES_FERALIGATR,FERALIGATR,L1
161,"Sentret",SPECIES_SENTRET,SENTRET,L1
162,"Furret",SPECIES_FURRET,FURRET,L1
163,"Hoothoot",SPECIES_HOOTHOOT,HOOTHOOT,L1
164,"Noctowl",SPECIES_NOCTOWL,NOCTOWL,L1
165,"Ledyba",SPECIES_LEDYBA,LEDYBA,L1
166,"Ledian",SPECIES_LEDIAN,LEDIAN,L1
167,"Spinarak",SPECIES_SPINARAK,SPINARAK,L1
168,"Ariados",SPECIES_ARIADOS,ARIADOS,L1
169,"Crobat",SPECIES_CROBAT,CROBAT,L1
170,"Chinchou",SPECIES_CHINCHOU,CHINCHOU,L1
171,"Lanturn",SPECIES_LANTURN,LANTURN,L1
172,"Pichu",SPECIES_PICHU,PICHU,L1
173,"Cleffa",SPECIES_CLEFFA,CLEFFA,L1
174,"Igglybuff",SPECIES_IGGLYBUFF,IGGLYBUFF,L1
175,"Togepi",SPECIES_TOGEPI,TOGEPI,L1
176,"Togetic",SPECIES_TOGETIC,TOGETIC,L1
177,"Natu",SPECIES_NATU,NATU,L1
178,"Xatu",SPECIES_XATU,XATU,L1
179,"Mareep",SPECIES_MAREEP,MAREEP,L1
180,"Flaaffy",SPECIES_FLAAFFY,FLAAFFY,L1
181,"Ampharos",SPECIES_AMPHAROS,AMPHAROS,L1
182,"Bellossom",SPECIES_BELLOSSOM,BELLOSSOM,L1
183,"Marill",SPECIES_MARILL,MARILL,L1
184,"Azumarill",SPECIES_AZUMARILL,AZUMARILL,L1
185,"Sudowoodo",SPECIES_SUDOWOODO,SUDOWOODO,L1
186,"Politoed",SPECIES_POLITOED,POLITOED,L1
187,"Hoppip",SPECIES_HOPPIP,HOPPIP,L1
188,"Skiploom",SPECIES_SKIPLOOM,SKIPLOOM,L1
189,"Jumpluff",SPECIES_JUMPLUFF,JUMPLUFF,L1
190,"Aipom",SPECIES_AIPOM,AIPOM,L1
191,"Sunkern",SPECIES_SUNKERN,SUNKERN,L1
192,"Sunflora",SPECIES_SUNFLORA,SUNFLORA,L1
193,"Yanma",SPECIES_YANMA,YANMA,L1
194,"Wooper",SPECIES_WOOPER,WOOPER,L1
195,"Quagsire",SPECIES_QUAGSIRE,QUAGSIRE,L1
196,"Espeon",SPECIES_ESPEON,ESPEON,L1
197,"Umbreon",SPECIES_UMBREON,UMBREON,L1
198,"Murkrow",SPECIES_MURKROW,MURKROW,L1
199,"Slowking",SPECIES_SLOWKING,SLOWKING,L1
200,"Misdreavus",SPECIES_MISDREAVUS,MISDREAVUS,L1
201,"Unown",SPECIES_UNOWN,UNOWN,L1
202,"Wobbuffet",SPECIES_WOBBUFFET,WOBBUFFET,L1
203,"Girafarig",SPECIES_GIRAFARIG,GIRAFARIG,L1
204,"Pineco",SPECIES_PINECO,PINECO,L1
205,"Forretress",SPECIES_FORRETRESS,FORRETRESS,L1
206,"Dunsparce",SPECIES_DUNSPARCE,DUNSPARCE,L1
207,"Gligar",SPECIES_GLIGAR,GLIGAR,L1
208,"Steelix",SPECIES_STEELIX,STEELIX,L1
209,"Snubbull",SPECIES_SNUBBULL,SNUBBULL,L1
210,"Granbull",SPECIES_GRANBULL,GRANBULL,L1
211,"Qwilfish",SPECIES_QWILFISH,QWILFISH,L1
212,"Scizor",SPECIES_SCIZOR,SCIZOR,L1
213,"Shuckle",SPECIES_SHUCKLE,SHUCKLE,L1
214,"Heracross",SPECIES_HERACROSS,HERACROSS,L1
215,"Sneasel",SPECIES_SNEASEL,SNEASEL,L1
216,"Teddiursa",SPECIES_TEDDIURSA,TEDDIURSA,L1
217,"Ursaring",SPECIES_URSARING,URSARING,L1
218,"Slugma",SPECIES_SLUGMA,SLUGMA,L1
219,"Magcargo",SPECIES_MAGCARGO,MAGCARGO,L1
220,"Swinub",SPECIES_SWINUB,SWINUB,L1
221,"Piloswine",SPECIES_PILOSWINE,PILOSWINE,L1
222,"Corsola",SPECIES_CORSOLA,CORSOLA,L1
223,"Remoraid",SPECIES_REMORAID,REMORAID,L1
224,"Octillery",SPECIES_OCTILLERY,OCTILLERY,L1
225,"Delibird",SPECIES_DELIBIRD,DELIBIRD,L1
226,"Mantine",SPECIES_MANTINE,MANTINE,L1
227,"Skarmory",SPECIES_SKARMORY,SKARMORY,L1
228,"Houndour",SPECIES_HOUNDOUR,HOUNDOUR,L1
229,"Houndoom",SPECIES_HOUNDOOM,HOUNDOOM,L1
230,"Kingdra",SPECIES_KINGDRA,KINGDRA,L1
231,"Phanpy",SPECIES_PHANPY,PHANPY,L1
232,"Donphan",SPECIES_DONPHAN,DONPHAN,L1
233,"Porygon2",SPECIES_PORYGON2,PORYGON2,L1
234,"Stantler",SPECIES_STANTLER,STANTLER,L1
235,"Smeargle",SPECIES_SMEARGLE,SMEARGLE,L1
236,"Tyrogue",SPECIES_TYROGUE,TYROGUE,L1
237,"Hitmontop",SPECIES_HITMONTOP,HITMONTOP,L1
238,"Smoochum",SPECIES_SMOOCHUM,SMOOCHUM,L1
239,"Elekid",SPECIES_ELEKID,ELEKID,L1
240,"Magby",SPECIES_MAGBY,MAGBY,L1
241,"Miltank",SPECIES_MILTANK,MILTANK,L1
242,"Blissey",SPECIES_BLISSEY,BLISSEY,L1
243,"Raikou",SPECIES_RAIKOU,RAIKOU,L1
244,"Entei",SPECIES_ENTEI,ENTEI,L1
245,"Suicune",SPECIES_SUICUNE,SUICUNE,L1
246,"Larvitar",SPECIES_LARVITAR,LARVITAR,L1
247,"Pupitar",SPECIES_PUPITAR,PUPITAR,L1
248,"Tyranitar",SPECIES_TYRANITAR,TYRANITAR,L1
249,"Lugia",SPECIES_LUGIA,LUGIA,L1
250,"Ho-Oh",SPECIES_HO_OH,HO_OH,L1
251,"Celebi",SPECIES_CELEBI,CELEBI,L1
252,"Treecko",SPECIES_TREECKO,TREECKO,L1
253,"Grovyle",SPECIES_GROVYLE,GROVYLE,L1
254,"Sceptile",SPECIES_SCEPTILE,SCEPTILE,L1
255,"Torchic",SPECIES_TORCHIC,TORCHIC,L1
256,"Combusken",SPECIES_COMBUSKEN,COMBUSKEN,L1
257,"Blaziken",SPECIES_BLAZIKEN,BLAZIKEN,L1
258,"Mudkip",SPECIES_MUDKIP,MUDKIP,L1
259,"Marshtomp",SPECIES_MARSHTOMP,MARSHTOMP,L1
260,"Swampert",SPECIES_SWAMPERT,SWAMPERT,L1
261,"Poochyena",SPECIES_POOCHYENA,POOCHYENA,L1
262,"Mightyena",SPECIES_MIGHTYENA,MIGHTYENA,L1
263,"Zigzagoon",SPECIES_ZIGZAGOON,ZIGZAGOON,L1
264,"Linoone",SPECIES_LINOONE,LINOONE,L1
265,"Wurmple",SPECIES_WURMPLE,WURMPLE,L1
266,"Silcoon",SPECIES_SILCOON,SILCOON,L1
267,"Beautifly",SPECIES_BEAUTIFLY,BEAUTIFLY,L1
268,"Cascoon",SPECIES_CASCOON,CASCOON,L1
269,"Dustox",SPECIES_DUSTOX,DUSTOX,L1
270,"Lotad",SPECIES_LOTAD,LOTAD,L1
271,"Lombre",SPECIES_LOMBRE,LOMBRE,L1
272,"Ludicolo",SPECIES_LUDICOLO,LUDICOLO,L1
273,"Seedot",SPECIES_SEEDOT,SEEDOT,L1
274,"Nuzleaf",SPECIES_NUZLEAF,NUZLEAF,L1
275,"Shiftry",SPECIES_SHIFTRY,SHIFTRY,L1
276,"Taillow",SPECIES_TAILLOW,TAILLOW,L1
277,"Swellow",SPECIES_SWELLOW,SWELLOW,L1
278,"Wingull",SPECIES_WINGULL,WINGULL,L1
279,"Pelipper",SPECIES_PELIPPER,PELIPPER,L1
280,"Ralts",SPECIES_RALTS,RALTS,L1
281,"Kirlia",SPECIES_KIRLIA,KIRLIA,L1
282,"Gardevoir",SPECIES_GARDEVOIR,GARDEVOIR,L1
283,"Surskit",SPECIES_SURSKIT,SURSKIT,L1
284,"Masquerain",SPECIES_MASQUERAIN,MASQUERAIN,L1
285,"Shroomish",SPECIES_SHROOMISH,SHROOMISH,L1
286,"Breloom",SPECIES_BRELOOM,BRELOOM,L1
287,"Slakoth",SPECIES_SLAKOTH,SLAKOTH,L1
288,"Vigoroth",SPECIES_VIGOROTH,VIGOROTH,L1
289,"Slaking",SPECIES_SLAKING,SLAKING,L1
290,"Nincada",SPECIES_NINCADA,NINCADA,L1
291,"Ninjask",SPECIES_NINJASK,NINJASK,L1
292,"Shedinja",SPECIES_SHEDINJA,SHEDINJA,L1
293,"Whismur",SPECIES_WHISMUR,WHISMUR,L1
294,"Loudred",SPECIES_LOUDRED,LOUDRED,L1
295,"Exploud",SPECIES_EXPLOUD,EXPLOUD,L1
296,"Makuhita",SPECIES_MAKUHITA,MAKUHITA,L1
297,"Hariyama",SPECIES_HARIYAMA,HARIYAMA,L1
298,"Azurill",SPECIES_AZURILL,AZURILL,L1
299,"Nosepass",SPECIES_NOSEPASS,NOSEPASS,L1
300,"Skitty",SPECIES_SKITTY,SKITTY,L1
301,"Delcatty",SPECIES_DELCATTY,DELCATTY,L1
302,"Sableye",SPECIES_SABLEYE,SABLEYE,L1
303,"Mawile",SPECIES_MAWILE,MAWILE,L1
304,"Aron",SPECIES_ARON,ARON,L1
305,"Lairon",SPECIES_LAIRON,LAIRON,L1
306,"Aggron",SPECIES_AGGRON,AGGRON,L1
307,"Meditite",SPECIES_MEDITITE,MEDITITE,L1
308,"Medicham",SPECIES_MEDICHAM,MEDICHAM,L1
309,"Electrike",SPECIES_ELECTRIKE,ELECTRIKE,L1
310,"Manectric",SPECIES_MANECTRIC,MANECTRIC,L1
311,"Plusle",SPECIES_PLUSLE,PLUSLE,L1
312,"Minun",SPECIES_MINUN,MINUN,L1
313,"Volbeat",SPECIES_VOLBEAT,VOLBEAT,L1
314,"Illumise",SPECIES_ILLUMISE,ILLUMISE,L1
315,"Roselia",SPECIES_ROSELIA,ROSELIA,L1
316,"Gulpin",SPECIES_GULPIN,GULPIN,L1
317,"Swalot",SPECIES_SWALOT,SWALOT,L1
318,"Carvanha",SPECIES_CARVANHA,CARVANHA,L1
319,"Sharpedo",SPECIES_SHARPEDO,SHARPEDO,L1
320,"Wailmer",SPECIES_WAILMER,WAILMER,L1
321,"Wailord",SPECIES_WAILORD,WAILORD,L1
322,"Numel",SPECIES_NUMEL,NUMEL,L1
323,"Camerupt",SPECIES_CAMERUPT,CAMERUPT,L1
324,"Torkoal",SPECIES_TORKOAL,TORKOAL,L1
325,"Spoink",SPECIES_SPOINK,SPOINK,L1
326,"Grumpig",SPECIES_GRUMPIG,GRUMPIG,L1
327,"Spinda",SPECIES_SPINDA,SPINDA,L1
328,"Trapinch",SPECIES_TRAPINCH,TRAPINCH,L1
329,"Vibrava",SPECIES_VIBRAVA,VIBRAVA,L1
330,"Flygon",SPECIES_FLYGON,FLYGON,L1
331,"Cacnea",SPECIES_CACNEA,CACNEA,L1
332,"Cacturne",SPECIES_CACTURNE,CACTURNE,L1
333,"Swablu",SPECIES_SWABLU,SWABLU,L1
334,"Altaria",SPECIES_ALTARIA,ALTARIA,L1
335,"Zangoose",SPECIES_ZANGOOSE,ZANGOOSE,L1
336,"Seviper",SPECIES_SEVIPER,SEVIPER,L1
337,"Lunatone",SPECIES_LUNATONE,LUNATONE,L1
338,"Solrock",SPECIES_SOLROCK,SOLROCK,L1
339,"Barboach",SPECIES_BARBOACH,BARBOACH,L1
340,"Whiscash",SPECIES_WHISCASH,WHISCASH,L1
341,"Corphish",SPECIES_CORPHISH,CORPHISH,L1
342,"Crawdaunt",SPECIES_CRAWDAUNT,CRAWDAUNT,L1
343,"Baltoy",SPECIES_BALTOY,BALTOY,L1
344,"Claydol",SPECIES_CLAYDOL,CLAYDOL,L1
345,"Lileep",SPECIES_LILEEP,LILEEP,L1
346,"Cradily",SPECIES_CRADILY,CRADILY,L1
347,"Anorith",SPECIES_ANORITH,ANORITH,L1
348,"Armaldo",SPECIES_ARMALDO,ARMALDO,L1
349,"Feebas",SPECIES_FEEBAS,FEEBAS,L1
350,"Milotic",SPECIES_MILOTIC,MILOTIC,L1
351,"Castform",SPECIES_CASTFORM,CASTFORM,L1
352,"Kecleon",SPECIES_KECLEON,KECLEON,L1
353,"Shuppet",SPECIES_SHUPPET,SHUPPET,L1
354,"Banette",SPECIES_BANETTE,BANETTE,L1
355,"Duskull",SPECIES_DUSKULL,DUSKULL,L1
356,"Dusclops",SPECIES_DUSCLOPS,DUSCLOPS,L1
357,"Tropius",SPECIES_TROPIUS,TROPIUS,L1
358,"Chimecho",SPECIES_CHIMECHO,CHIMECHO,L1
359,"Absol",SPECIES_ABSOL,ABSOL,L1
360,"Wynaut",SPECIES_WYNAUT,WYNAUT,L1
361,"Snorunt",SPECIES_SNORUNT,SNORUNT,L1
362,"Glalie",SPECIES_GLALIE,GLALIE,L1
363,"Spheal",SPECIES_SPHEAL,SPHEAL,L1
364,"Sealeo",SPECIES_SEALEO,SEALEO,L1
365,"Walrein",SPECIES_WALREIN,WALREIN,L1
366,"Clamperl",SPECIES_CLAMPERL,CLAMPERL,L1
367,"Huntail",SPECIES_HUNTAIL,HUNTAIL,L1
368,"Gorebyss",SPECIES_GOREBYSS,GOREBYSS,L1
369,"Relicanth",SPECIES_RELICANTH,RELICANTH,L1
370,"Luvdisc",SPECIES_LUVDISC,LUVDISC,L1
371,"Bagon",SPECIES_BAGON,BAGON,L1
372,"Shelgon",SPECIES_SHELGON,SHELGON,L1
373,"Salamence",SPECIES_SALAMENCE,SALAMENCE,L1
374,"Beldum",SPECIES_BELDUM,BELDUM,L1
375,"Metang",SPECIES_METANG,METANG,L1
376,"Metagross",SPECIES_METAGROSS,METAGROSS,L1
377,"Regirock",SPECIES_REGIROCK,REGIROCK,L1
378,"Regice",SPECIES_REGICE,REGICE,L1
379,"Registeel",SPECIES_REGISTEEL,REGISTEEL,L1
380,"Latias",SPECIES_LATIAS,LATIAS,L1
381,"Latios",SPECIES_LATIOS,LATIOS,L1
382,"Kyogre",SPECIES_KYOGRE,KYOGRE,L1
383,"Groudon",SPECIES_GROUDON,GROUDON,L1
384,"Rayquaza",SPECIES_RAYQUAZA,RAYQUAZA,L1
385,"Jirachi",SPECIES_JIRACHI,JIRACHI,L1
386,"Deoxys",SPECIES_DEOXYS,DEOXYS,L1
387,"Turtwig",SPECIES_TURTWIG,TURTWIG,L1
388,"Grotle",SPECIES_GROTLE,GROTLE,L1
389,"Torterra",SPECIES_TORTERRA,TORTERRA,L1
390,"Chimchar",SPECIES_CHIMCHAR,CHIMCHAR,L1
391,"Monferno",SPECIES_MONFERNO,MONFERNO,L1
392,"Infernape",SPECIES_INFERNAPE,INFERNAPE,L1
393,"Piplup",SPECIES_PIPLUP,PIPLUP,L1
394,"Prinplup",SPECIES_PRINPLUP,PRINPLUP,L1
395,"Empoleon",SPECIES_EMPOLEON,EMPOLEON,L1
396,"Starly",SPECIES_STARLY,STARLY,L1
397,"Staravia",SPECIES_STARAVIA,STARAVIA,L1
398,"Staraptor",SPECIES_STARAPTOR,STARAPTOR,L1
399,"Bidoof",SPECIES_BIDOOF,BIDOOF,L1
400,"Bibarel",SPECIES_BIBAREL,BIBAREL,L1
401,"Kricketot",SPECIES_KRICKETOT,KRICKETOT,L1
402,"Kricketune",SPECIES_KRICKETUNE,KRICKETUNE,L1
403,"Shinx",SPECIES_SHINX,SHINX,L1
404,"Luxio",SPECIES_LUXIO,LUXIO,L1
405,"Luxray",SPECIES_LUXRAY,LUXRAY,L1
406,"Budew",SPECIES_BUDEW,BUDEW,L1
407,"Roserade",SPECIES_ROSERADE,ROSERADE,L1
408,"Cranidos",SPECIES_CRANIDOS,CRANIDOS,L1
409,"Rampardos",SPECIES_RAMPARDOS,RAMPARDOS,L1
410,"Shieldon",SPECIES_SHIELDON,SHIELDON,L1
411,"Bastiodon",SPECIES_BASTIODON,BASTIODON,L1
412,"Burmy",SPECIES_BURMY,BURMY,L1
413,"Wormadam",SPECIES_WORMADAM,WORMADAM,L1
414,"Mothim",SPECIES_MOTHIM,MOTHIM,L1
415,"Combee",SPECIES_COMBEE,COMBEE,L1
416,"Vespiquen",SPECIES_VESPIQUEN,VESPIQUEN,L1
417,"Pachirisu",SPECIES_PACHIRISU,PACHIRISU,L1
418,"Buizel",SPECIES_BUIZEL,BUIZEL,L1
419,"Floatzel",SPECIES_FLOATZEL,FLOATZEL,L1
420,"Cherubi",SPECIES_CHERUBI,CHERUBI,L1
421,"Cherrim",SPECIES_CHERRIM,CHERRIM,L1
422,"Shellos",SPECIES_SHELLOS,SHELLOS,L1
423,"Gastrodon",SPECIES_GASTRODON,GASTRODON,L1
424,"Ambipom",SPECIES_AMBIPOM,AMBIPOM,L1
425,"Drifloon",SPECIES_DRIFLOON,DRIFLOON,L1
426,"Drifblim",SPECIES_DRIFBLIM,DRIFBLIM,L1
427,"Buneary",SPECIES_BUNEARY,BUNEARY,L1
428,"Lopunny",SPECIES_LOPUNNY,LOPUNNY,L1
429,"Mismagius",SPECIES_MISMAGIUS,MISMAGIUS,L1
430,"Honchkrow",SPECIES_HONCHKROW,HONCHKROW,L1
431,"Glameow",SPECIES_GLAMEOW,GLAMEOW,L1
432,"Purugly",SPECIES_PURUGLY,PURUGLY,L1
433,"Chingling",SPECIES_CHINGLING,CHINGLING,L1
434,"Stunky",SPECIES_STUNKY,STUNKY,L1
435,"Skuntank",SPECIES_SKUNTANK,SKUNTANK,L1
436,"Bronzor",SPECIES_BRONZOR,BRONZOR,L1
437,"Bronzong",SPECIES_BRONZONG,BRONZONG,L1
438,"Bonsly",SPECIES_BONSLY,BONSLY,L1
439,"Mime Jr.",SPECIES_MIME_JR,MIME_JR,L1
440,"Happiny",SPECIES_HAPPINY,HAPPINY,L1
441,"Chatot",SPECIES_CHATOT,CHATOT,L1
442,"Spiritomb",SPECIES_SPIRITOMB,SPIRITOMB,L1
443,"Gible",SPECIES_GIBLE,GIBLE,L1
444,"Gabite",SPECIES_GABITE,GABITE,L1
445,"Garchomp",SPECIES_GARCHOMP,GARCHOMP,L1
446,"Munchlax",SPECIES_MUNCHLAX,MUNCHLAX,L1
447,"Riolu",SPECIES_RIOLU,RIOLU,L1
448,"Lucario",SPECIES_LUCARIO,LUCARIO,L1
449,"Hippopotas",SPECIES_HIPPOPOTAS,HIPPOPOTAS,L1
450,"Hippowdon",SPECIES_HIPPOWDON,HIPPOWDON,L1
451,"Skorupi",SPECIES_SKORUPI,SKORUPI,L1
452,"Drapion",SPECIES_DRAPION,DRAPION,L1
453,"Croagunk",SPECIES_CROAGUNK,CROAGUNK,L1
454,"Toxicroak",SPECIES_TOXICROAK,TOXICROAK,L1
455,"Carnivine",SPECIES_CARNIVINE,CARNIVINE,L1
456,"Finneon",SPECIES_FINNEON,FINNEON,L1
457,"Lumineon",SPECIES_LUMINEON,LUMINEON,L1
458,"Mantyke",SPECIES_MANTYKE,MANTYKE,L1
459,"Snover",SPECIES_SNOVER,SNOVER,L1
460,"Abomasnow",SPECIES_ABOMASNOW,ABOMASNOW,L1
461,"Weavile",SPECIES_WEAVILE,WEAVILE,L1
462,"Magnezone",SPECIES_MAGNEZONE,MAGNEZONE,L1
463,"Lickilicky",SPECIES_LICKILICKY,LICKILICKY,L1
464,"Rhyperior",SPECIES_RHYPERIOR,RHYPERIOR,L1
465,"Tangrowth",SPECIES_TANGROWTH,TANGROWTH,L1
466,"Electivire",SPECIES_ELECTIVIRE,ELECTIVIRE,L1
467,"Magmortar",SPECIES_MAGMORTAR,MAGMORTAR,L1
468,"Togekiss",SPECIES_TOGEKISS,TOGEKISS,L1
469,"Yanmega",SPECIES_YANMEGA,YANMEGA,L1
470,"Leafeon",SPECIES_LEAFEON,LEAFEON,L1
471,"Glaceon",SPECIES_GLACEON,GLACEON,L1
472,"Gliscor",SPECIES_GLISCOR,GLISCOR,L1
473,"Mamoswine",SPECIES_MAMOSWINE,MAMOSWINE,L1
474,"Porygon-Z",SPECIES_PORYGON_Z,PORYGON_Z,L1
475,"Gallade",SPECIES_GALLADE,GALLADE,L1
476,"Probopass",SPECIES_PROBOPASS,PROBOPASS,L1
477,"Dusknoir",SPECIES_DUSKNOIR,DUSKNOIR,L1
478,"Froslass",SPECIES_FROSLASS,FROSLASS,L1
479,"Rotom",SPECIES_ROTOM,ROTOM,L1
480,"Uxie",SPECIES_UXIE,UXIE,L1
481,"Mesprit",SPECIES_MESPRIT,MESPRIT,L1
482,"Azelf",SPECIES_AZELF,AZELF,L1
483,"Dialga",SPECIES_DIALGA,DIALGA,L1
484,"Palkia",SPECIES_PALKIA,PALKIA,L1
485,"Heatran",SPECIES_HEATRAN,HEATRAN,L1
486,"Regigigas",SPECIES_REGIGIGAS,REGIGIGAS,L1
487,"Giratina",SPECIES_GIRATINA,GIRATINA,L1
488,"Cresselia",SPECIES_CRESSELIA,CRESSELIA,L1
489,"Phione",SPECIES_PHIONE,PHIONE,L1
490,"Manaphy",SPECIES_MANAPHY,MANAPHY,L1
491,"Darkrai",SPECIES_DARKRAI,DARKRAI,L1
492,"Shaymin",SPECIES_SHAYMIN,SHAYMIN,L1
493,"Arceus",SPECIES_ARCEUS,ARCEUS,L1
494,"Victini",SPECIES_VICTINI,VICTINI,L1
495,"Snivy",SPECIES_SNIVY,SNIVY,L1
496,"Servine",SPECIES_SERVINE,SERVINE,L1
497,"Serperior",SPECIES_SERPERIOR,SERPERIOR,L1
498,"Tepig",SPECIES_TEPIG,TEPIG,L1
499,"Pignite",SPECIES_PIGNITE,PIGNITE,L1
500,"Emboar",SPECIES_EMBOAR,EMBOAR,L1
501,"Oshawott",SPECIES_OSHAWOTT,OSHAWOTT,L1
502,"Dewott",SPECIES_DEWOTT,DEWOTT,L1
503,"Samurott",SPECIES_SAMUROTT,SAMUROTT,L1
504,"Patrat",SPECIES_PATRAT,PATRAT,L1
505,"Watchog",SPECIES_WATCHOG,WATCHOG,L1
506,"Lillipup",SPECIES_LILLIPUP,LILLIPUP,L1
507,"Herdier",SPECIES_HERDIER,HERDIER,L1
508,"Stoutland",SPECIES_STOUTLAND,STOUTLAND,L1
509,"Purrloin",SPECIES_PURRLOIN,PURRLOIN,L1
510,"Liepard",SPECIES_LIEPARD,LIEPARD,L1
511,"Pansage",SPECIES_PANSAGE,PANSAGE,L1
512,"Simisage",SPECIES_SIMISAGE,SIMISAGE,L1
513,"Pansear",SPECIES_PANSEAR,PANSEAR,L1
514,"Simisear",SPECIES_SIMISEAR,SIMISEAR,L1
515,"Panpour",SPECIES_PANPOUR,PANPOUR,L1
516,"Simipour",SPECIES_SIMIPOUR,SIMIPOUR,L1
517,"Munna",SPECIES_MUNNA,MUNNA,L1
518,"Musharna",SPECIES_MUSHARNA,MUSHARNA,L1
519,"Pidove",SPECIES_PIDOVE,PIDOVE,L1
520,"Tranquill",SPECIES_TRANQUILL,TRANQUILL,L1
521,"Unfezant",SPECIES_UNFEZANT,UNFEZANT,L1
522,"Blitzle",SPECIES_BLITZLE,BLITZLE,L1
523,"Zebstrika",SPECIES_ZEBSTRIKA,ZEBSTRIKA,L1
524,"Roggenrola",SPECIES_ROGGENROLA,ROGGENROLA,L1
525,"Boldore",SPECIES_BOLDORE,BOLDORE,L1
526,"Gigalith",SPECIES_GIGALITH,GIGALITH,L1
527,"Woobat",SPECIES_WOOBAT,WOOBAT,L1
528,"Swoobat",SPECIES_SWOOBAT,SWOOBAT,L1
529,"Drilbur",SPECIES_DRILBUR,DRILBUR,L1
530,"Excadrill",SPECIES_EXCADRILL,EXCADRILL,L1
531,"Audino",SPECIES_AUDINO,AUDINO,L1
532,"Timburr",SPECIES_TIMBURR,TIMBURR,L1
533,"Gurdurr",SPECIES_GURDURR,GURDURR,L1
534,"Conkeldurr",SPECIES_CONKELDURR,CONKELDURR,L1
535,"Tympole",SPECIES_TYMPOLE,TYMPOLE,L1
536,"Palpitoad",SPECIES_PALPITOAD,PALPITOAD,L1
537,"Seismitoad",SPECIES_SEISMITOAD,SEISMITOAD,L1
538,"Throh",SPECIES_THROH,THROH,L1
539,"Sawk",SPECIES_SAWK,SAWK,L1
540,"Sewaddle",SPECIES_SEWADDLE,SEWADDLE,L1
541,"Swadloon",SPECIES_SWADLOON,SWADLOON,L1
542,"Leavanny",SPECIES_LEAVANNY,LEAVANNY,L1
543,"Venipede",SPECIES_VENIPEDE,VENIPEDE,L1
544,"Whirlipede",SPECIES_WHIRLIPEDE,WHIRLIPEDE,L1
545,"Scolipede",SPECIES_SCOLIPEDE,SCOLIPEDE,L1
546,"Cottonee",SPECIES_COTTONEE,COTTONEE,L1
547,"Whimsicott",SPECIES_WHIMSICOTT,WHIMSICOTT,L1
548,"Petilil",SPECIES_PETILIL,PETILIL,L1
549,"Lilligant",SPECIES_LILLIGANT,LILLIGANT,L1
550,"Basculin",SPECIES_BASCULIN,BASCULIN,L1
551,"Sandile",SPECIES_SANDILE,SANDILE,L1
552,"Krokorok",SPECIES_KROKOROK,KROKOROK,L1
553,"Krookodile",SPECIES_KROOKODILE,KROOKODILE,L1
554,"Darumaka",SPECIES_DARUMAKA,DARUMAKA,L1
555,"Darmanitan",SPECIES_DARMANITAN,DARMANITAN,L1
556,"Maractus",SPECIES_MARACTUS,MARACTUS,L1
557,"Dwebble",SPECIES_DWEBBLE,DWEBBLE,L1
558,"Crustle",SPECIES_CRUSTLE,CRUSTLE,L1
559,"Scraggy",SPECIES_SCRAGGY,SCRAGGY,L1
560,"Scrafty",SPECIES_SCRAFTY,SCRAFTY,L1
561,"Sigilyph",SPECIES_SIGILYPH,SIGILYPH,L1
562,"Yamask",SPECIES_YAMASK,YAMASK,L1
563,"Cofagrigus",SPECIES_COFAGRIGUS,COFAGRIGUS,L1
564,"Tirtouga",SPECIES_TIRTOUGA,TIRTOUGA,L1
565,"Carracosta",SPECIES_CARRACOSTA,CARRACOSTA,L1
566,"Archen",SPECIES_ARCHEN,ARCHEN,L1
567,"Archeops",SPECIES_ARCHEOPS,ARCHEOPS,L1
568,"Trubbish",SPECIES_TRUBBISH,TRUBBISH,L1
569,"Garbodor",SPECIES_GARBODOR,GARBODOR,L1
570,"Zorua",SPECIES_ZORUA,ZORUA,L1
571,"Zoroark",SPECIES_ZOROARK,ZOROARK,L1
572,"Minccino",SPECIES_MINCCINO,MINCCINO,L1
573,"Cinccino",SPECIES_CINCCINO,CINCCINO,L1
574,"Gothita",SPECIES_GOTHITA,GOTHITA,L1
575,"Gothorita",SPECIES_GOTHORITA,GOTHORITA,L1
576,"Gothitelle",SPECIES_GOTHITELLE,GOTHITELLE,L1
577,"Solosis",SPECIES_SOLOSIS,SOLOSIS,L1
578,"Duosion",SPECIES_DUOSION,DUOSION,L1
579,"Reuniclus",SPECIES_REUNICLUS,REUNICLUS,L1
580,"Ducklett",SPECIES_DUCKLETT,DUCKLETT,L1
581,"Swanna",SPECIES_SWANNA,SWANNA,L1
582,"Vanillite",SPECIES_VANILLITE,VANILLITE,L1
583,"Vanillish",SPECIES_VANILLISH,VANILLISH,L1
584,"Vanilluxe",SPECIES_VANILLUXE,VANILLUXE,L1
585,"Deerling",SPECIES_DEERLING,DEERLING,L1
586,"Sawsbuck",SPECIES_SAWSBUCK,SAWSBUCK,L1
587,"Emolga",SPECIES_EMOLGA,EMOLGA,L1
588,"Karrablast",SPECIES_KARRABLAST,KARRABLAST,L1
589,"Escavalier",SPECIES_ESCAVALIER,ESCAVALIER,L1
590,"Foongus",SPECIES_FOONGUS,FOONGUS,L1
591,"Amoonguss",SPECIES_AMOONGUSS,AMOONGUSS,L1
592,"Frillish",SPECIES_FRILLISH,FRILLISH,L1
593,"Jellicent",SPECIES_JELLICENT,JELLICENT,L1
594,"Alomomola",SPECIES_ALOMOMOLA,ALOMOMOLA,L1
595,"Joltik",SPECIES_JOLTIK,JOLTIK,L1
596,"Galvantula",SPECIES_GALVANTULA,GALVANTULA,L1
597,"Ferroseed",SPECIES_FERROSEED,FERROSEED,L1
598,"Ferrothorn",SPECIES_FERROTHORN,FERROTHORN,L1
599,"Klink",SPECIES_KLINK,KLINK,L1
600,"Klang",SPECIES_KLANG,KLANG,L1
601,"Klinklang",SPECIES_KLINKLANG,KLINKLANG,L1
602,"Tynamo",SPECIES_TYNAMO,TYNAMO,L1
603,"Eelektrik",SPECIES_EELEKTRIK,EELEKTRIK,L1
604,"Eelektross",SPECIES_EELEKTROSS,EELEKTROSS,L1
605,"Elgyem",SPECIES_ELGYEM,ELGYEM,L1
606,"Beheeyem",SPECIES_BEHEEYEM,BEHEEYEM,L1
607,"Litwick",SPECIES_LITWICK,LITWICK,L1
608,"Lampent",SPECIES_LAMPENT,LAMPENT,L1
609,"Chandelure",SPECIES_CHANDELURE,CHANDELURE,L1
610,"Axew",SPECIES_AXEW,AXEW,L1
611,"Fraxure",SPECIES_FRAXURE,FRAXURE,L1
612,"Haxorus",SPECIES_HAXORUS,HAXORUS,L1
613,"Cubchoo",SPECIES_CUBCHOO,CUBCHOO,L1
614,"Beartic",SPECIES_BEARTIC,BEARTIC,L1
615,"Cryogonal",SPECIES_CRYOGONAL,CRYOGONAL,L1
616,"Shelmet",SPECIES_SHELMET,SHELMET,L1
617,"Accelgor",SPECIES_ACCELGOR,ACCELGOR,L1
618,"Stunfisk",SPECIES_STUNFISK,STUNFISK,L1
619,"Mienfoo",SPECIES_MIENFOO,MIENFOO,L1
620,"Mienshao",SPECIES_MIENSHAO,MIENSHAO,L1
621,"Druddigon",SPECIES_DRUDDIGON,DRUDDIGON,L1
622,"Golett",SPECIES_GOLETT,GOLETT,L1
623,"Golurk",SPECIES_GOLURK,GOLURK,L1
624,"Pawniard",SPECIES_PAWNIARD,PAWNIARD,L1
625,"Bisharp",SPECIES_BISHARP,BISHARP,L1
626,"Bouffalant",SPECIES_BOUFFALANT,BOUFFALANT,L1
627,"Rufflet",SPECIES_RUFFLET,RUFFLET,L1
628,"Braviary",SPECIES_BRAVIARY,BRAVIARY,L1
629,"Vullaby",SPECIES_VULLABY,VULLABY,L1
630,"Mandibuzz",SPECIES_MANDIBUZZ,MANDIBUZZ,L1
631,"Heatmor",SPECIES_HEATMOR,HEATMOR,L1
632,"Durant",SPECIES_DURANT,DURANT,L1
633,"Deino",SPECIES_DEINO,DEINO,L1
634,"Zweilous",SPECIES_ZWEILOUS,ZWEILOUS,L1
635,"Hydreigon",SPECIES_HYDREIGON,HYDREIGON,L1
636,"Larvesta",SPECIES_LARVESTA,LARVESTA,L1
637,"Volcarona",SPECIES_VOLCARONA,VOLCARONA,L1
638,"Cobalion",SPECIES_COBALION,COBALION,L1
639,"Terrakion",SPECIES_TERRAKION,TERRAKION,L1
640,"Virizion",SPECIES_VIRIZION,VIRIZION,L1
641,"Tornadus",SPECIES_TORNADUS,TORNADUS,L1
642,"Thundurus",SPECIES_THUNDURUS,THUNDURUS,L1
643,"Reshiram",SPECIES_RESHIRAM,RESHIRAM,L1
644,"Zekrom",SPECIES_ZEKROM,ZEKROM,L1
645,"Landorus",SPECIES_LANDORUS,LANDORUS,L1
646,"Kyurem",SPECIES_KYUREM,KYUREM,L1
647,"Keldeo",SPECIES_KELDEO,KELDEO,L1
648,"Meloetta",SPECIES_MELOETTA,MELOETTA,L1
649,"Genesect",SPECIES_GENESECT,GENESECT,L1
650,"Chespin",SPECIES_CHESPIN,CHESPIN,L1
651,"Quilladin",SPECIES_QUILLADIN,QUILLADIN,L1
652,"Chesnaught",SPECIES_CHESNAUGHT,CHESNAUGHT,L1
653,"Fennekin",SPECIES_FENNEKIN,FENNEKIN,L1
654,"Braixen",SPECIES_BRAIXEN,BRAIXEN,L1
655,"Delphox",SPECIES_DELPHOX,DELPHOX,L1
656,"Froakie",SPECIES_FROAKIE,FROAKIE,L1
657,"Frogadier",SPECIES_FROGADIER,FROGADIER,L1
658,"Greninja",SPECIES_GRENINJA,GRENINJA,L1
659,"Bunnelby",SPECIES_BUNNELBY,BUNNELBY,L1
660,"Diggersby",SPECIES_DIGGERSBY,DIGGERSBY,L1
661,"Fletchling",SPECIES_FLETCHLING,FLETCHLING,L1
662,"Fletchinder",SPECIES_FLETCHINDER,FLETCHINDER,L1
663,"Talonflame",SPECIES_TALONFLAME,TALONFLAME,L1
664,"Scatterbug",SPECIES_SCATTERBUG,SCATTERBUG,L1
665,"Spewpa",SPECIES_SPEWPA,SPEWPA,L1
666,"Vivillon",SPECIES_VIVILLON,VIVILLON,L1
667,"Litleo",SPECIES_LITLEO,LITLEO,L1
668,"Pyroar",SPECIES_PYROAR,PYROAR,L1
669,"Flabébé",SPECIES_FLABEBE,FLABEBE,L1
670,"Floette",SPECIES_FLOETTE,FLOETTE,L1
671,"Florges",SPECIES_FLORGES,FLORGES,L1
672,"Skiddo",SPECIES_SKIDDO,SKIDDO,L1
673,"Gogoat",SPECIES_GOGOAT,GOGOAT,L1
674,"Pancham",SPECIES_PANCHAM,PANCHAM,L1
675,"Pangoro",SPECIES_PANGORO,PANGORO,L1
676,"Furfrou",SPECIES_FURFROU,FURFROU,L1
677,"Espurr",SPECIES_ESPURR,ESPURR,L1
678,"Meowstic",SPECIES_MEOWSTIC,MEOWSTIC,L1
679,"Honedge",SPECIES_HONEDGE,HONEDGE,L1
680,"Doublade",SPECIES_DOUBLADE,DOUBLADE,L1
681,"Aegislash",SPECIES_AEGISLASH,AEGISLASH,L1
682,"Spritzee",SPECIES_SPRITZEE,SPRITZEE,L1
683,"Aromatisse",SPECIES_AROMATISSE,AROMATISSE,L1
684,"Swirlix",SPECIES_SWIRLIX,SWIRLIX,L1
685,"Slurpuff",SPECIES_SLURPUFF,SLURPUFF,L1
686,"Inkay",SPECIES_INKAY,INKAY,L1
687,"Malamar",SPECIES_MALAMAR,MALAMAR,L1
688,"Binacle",SPECIES_BINACLE,BINACLE,L1
689,"Barbaracle",SPECIES_BARBARACLE,BARBARACLE,L1
690,"Skrelp",SPECIES_SKRELP,SKRELP,L1
691,"Dragalge",SPECIES_DRAGALGE,DRAGALGE,L1
692,"Clauncher",SPECIES_CLAUNCHER,CLAUNCHER,L1
693,"Clawitzer",SPECIES_CLAWITZER,CLAWITZER,L1
694,"Helioptile",SPECIES_HELIOPTILE,HELIOPTILE,L1
695,"Heliolisk",SPECIES_HELIOLISK,HELIOLISK,L1
696,"Tyrunt",SPECIES_TYRUNT,TYRUNT,L1
697,"Tyrantrum",SPECIES_TYRANTRUM,TYRANTRUM,L1
698,"Amaura",SPECIES_AMAURA,AMAURA,L1
699,"Aurorus",SPECIES_AURORUS,AURORUS,L1
700,"Sylveon",SPECIES_SYLVEON,SYLVEON,L1
701,"Hawlucha",SPECIES_HAWLUCHA,HAWLUCHA,L1
702,"Dedenne",SPECIES_DEDENNE,DEDENNE,L1
703,"Carbink",SPECIES_CARBINK,CARBINK,L1
704,"Goomy",SPECIES_GOOMY,GOOMY,L1
705,"Sliggoo",SPECIES_SLIGGOO,SLIGGOO,L1
706,"Goodra",SPECIES_GOODRA,GOODRA,L1
707,"Klefki",SPECIES_KLEFKI,KLEFKI,L1
708,"Phantump",SPECIES_PHANTUMP,PHANTUMP,L1
709,"Trevenant",SPECIES_TREVENANT,TREVENANT,L1
710,"Pumpkaboo",SPECIES_PUMPKABOO,PUMPKABOO,L1
711,"Gourgeist",SPECIES_GOURGEIST,GOURGEIST,L1
712,"Bergmite",SPECIES_BERGMITE,BERGMITE,L1
713,"Avalugg",SPECIES_AVALUGG,AVALUGG,L1
714,"Noibat",SPECIES_NOIBAT,NOIBAT,L1
715,"Noivern",SPECIES_NOIVERN,NOIVERN,L1
716,"Xerneas",SPECIES_XERNEAS,XERNEAS,L1
717,"Yveltal",SPECIES_YVELTAL,YVELTAL,L1
718,"Zygarde",SPECIES_ZYGARDE,ZYGARDE,L1
719,"Diancie",SPECIES_DIANCIE,DIANCIE,L1
720,"Hoopa",SPECIES_HOOPA,HOOPA,L1
721,"Volcanion",SPECIES_VOLCANION,VOLCANION,L1
722,"Rowlet",SPECIES_ROWLET,ROWLET,L1
723,"Dartrix",SPECIES_DARTRIX,DARTRIX,L1
724,"Decidueye",SPECIES_DECIDUEYE,DECIDUEYE,L1
725,"Litten",SPECIES_LITTEN,LITTEN,L1
726,"Torracat",SPECIES_TORRACAT,TORRACAT,L1
727,"Incineroar",SPECIES_INCINEROAR,INCINEROAR,L1
728,"Popplio",SPECIES_POPPLIO,POPPLIO,L1
729,"Brionne",SPECIES_BRIONNE,BRIONNE,L1
730,"Primarina",SPECIES_PRIMARINA,PRIMARINA,L1
731,"Pikipek",SPECIES_PIKIPEK,PIKIPEK,L1
732,"Trumbeak",SPECIES_TRUMBEAK,TRUMBEAK,L1
733,"Toucannon",SPECIES_TOUCANNON,TOUCANNON,L1
734,"Yungoos",SPECIES_YUNGOOS,YUNGOOS,L1
735,"Gumshoos",SPECIES_GUMSHOOS,GUMSHOOS,L1
736,"Grubbin",SPECIES_GRUBBIN,GRUBBIN,L1
737,"Charjabug",SPECIES_CHARJABUG,CHARJABUG,L1
738,"Vikavolt",SPECIES_VIKAVOLT,VIKAVOLT,L1
739,"Crabrawler",SPECIES_CRABRAWLER,CRABRAWLER,L1
740,"Crabominable",SPECIES_CRABOMINABLE,CRABOMINABLE,L1
741,"Oricorio",SPECIES_ORICORIO,ORICORIO,L1
742,"Cutiefly",SPECIES_CUTIEFLY,CUTIEFLY,L1
743,"Ribombee",SPECIES_RIBOMBEE,RIBOMBEE,L1
744,"Rockruff",SPECIES_ROCKRUFF,ROCKRUFF,L1
745,"Lycanroc",SPECIES_LYCANROC,LYCANROC,L1
746,"Wishiwashi",SPECIES_WISHIWASHI,WISHIWASHI,L1
747,"Mareanie",SPECIES_MAREANIE,MAREANIE,L1
748,"Toxapex",SPECIES_TOXAPEX,TOXAPEX,L1
749,"Mudbray",SPECIES_MUDBRAY,MUDBRAY,L1
750,"Mudsdale",SPECIES_MUDSDALE,MUDSDALE,L1
751,"Dewpider",SPECIES_DEWPIDER,DEWPIDER,L1
752,"Araquanid",SPECIES_ARAQUANID,ARAQUANID,L1
753,"Fomantis",SPECIES_FOMANTIS,FOMANTIS,L1
754,"Lurantis",SPECIES_LURANTIS,LURANTIS,L1
755,"Morelull",SPECIES_MORELULL,MORELULL,L1
756,"Shiinotic",SPECIES_SHIINOTIC,SHIINOTIC,L1
757,"Salandit",SPECIES_SALANDIT,SALANDIT,L1
758,"Salazzle",SPECIES_SALAZZLE,SALAZZLE,L1
759,"Stufful",SPECIES_STUFFUL,STUFFUL,L1
760,"Bewear",SPECIES_BEWEAR,BEWEAR,L1
761,"Bounsweet",SPECIES_BOUNSWEET,BOUNSWEET,L1
762,"Steenee",SPECIES_STEENEE,STEENEE,L1
763,"Tsareena",SPECIES_TSAREENA,TSAREENA,L1
764,"Comfey",SPECIES_COMFEY,COMFEY,L1
765,"Oranguru",SPECIES_ORANGURU,ORANGURU,L1
766,"Passimian",SPECIES_PASSIMIAN,PASSIMIAN,L1
767,"Wimpod",SPECIES_WIMPOD,WIMPOD,L1
768,"Golisopod",SPECIES_GOLISOPOD,GOLISOPOD,L1
769,"Sandygast",SPECIES_SANDYGAST,SANDYGAST,L1
770,"Palossand",SPECIES_PALOSSAND,PALOSSAND,L1
771,"Pyukumuku",SPECIES_PYUKUMUKU,PYUKUMUKU,L1
772,"Type: Null",SPECIES_TYPE_NULL,TYPE_NULL,L1
773,"Silvally",SPECIES_SILVALLY,SILVALLY,L1
774,"Minior",SPECIES_MINIOR,MINIOR,L1
775,"Komala",SPECIES_KOMALA,KOMALA,L1
776,"Turtonator",SPECIES_TURTONATOR,TURTONATOR,L1
777,"Togedemaru",SPECIES_TOGEDEMARU,TOGEDEMARU,L1
778,"Mimikyu",SPECIES_MIMIKYU,MIMIKYU,L1
779,"Bruxish",SPECIES_BRUXISH,BRUXISH,L1
780,"Drampa",SPECIES_DRAMPA,DRAMPA,L1
781,"Dhelmise",SPECIES_DHELMISE,DHELMISE,L1
782,"Jangmo-o",SPECIES_JANGMO_O,JANGMO_O,L1
783,"Hakamo-o",SPECIES_HAKAMO_O,HAKAMO_O,L1
784,"Kommo-o",SPECIES_KOMMO_O,KOMMO_O,L1
785,"Tapu Koko",SPECIES_TAPU_KOKO,TAPU_KOKO,L1
786,"Tapu Lele",SPECIES_TAPU_LELE,TAPU_LELE,L1
787,"Tapu Bulu",SPECIES_TAPU_BULU,TAPU_BULU,L1
788,"Tapu Fini",SPECIES_TAPU_FINI,TAPU_FINI,L1
789,"Cosmog",SPECIES_COSMOG,COSMOG,L1
790,"Cosmoem",SPECIES_COSMOEM,COSMOEM,L1
791,"Solgaleo",SPECIES_SOLGALEO,SOLGALEO,L1
792,"Lunala",SPECIES_LUNALA,LUNALA,L1
793,"Nihilego",SPECIES_NIHILEGO,NIHILEGO,L1
794,"Buzzwole",SPECIES_BUZZWOLE,BUZZWOLE,L1
795,"Pheromosa",SPECIES_PHEROMOSA,PHEROMOSA,L1
796,"Xurkitree",SPECIES_XURKITREE,XURKITREE,L1
797,"Celesteela",SPECIES_CELESTEELA,CELESTEELA,L1
798,"Kartana",SPECIES_KARTANA,KARTANA,L1
799,"Guzzlord",SPECIES_GUZZLORD,GUZZLORD,L1
800,"Necrozma",SPECIES_NECROZMA,NECROZMA,L1
801,"Magearna",SPECIES_MAGEARNA,MAGEARNA,L1
802,"Marshadow",SPECIES_MARSHADOW,MARSHADOW,L1
803,"Poipole",SPECIES_POIPOLE,POIPOLE,L1
804,"Naganadel",SPECIES_NAGANADEL,NAGANADEL,L1
805,"Stakataka",SPECIES_STAKATAKA,STAKATAKA,L1
806,"Blacephalon",SPECIES_BLACEPHALON,BLACEPHALON,L1
807,"Zeraora",SPECIES_ZERAORA,ZERAORA,L1
808,"Meltan",SPECIES_MELTAN,MELTAN,L1
809,"Melmetal",SPECIES_MELMETAL,MELMETAL,L1
810,"Grookey",SPECIES_GROOKEY,GROOKEY,L1
811,"Thwackey",SPECIES_THWACKEY,THWACKEY,L1
812,"Rillaboom",SPECIES_RILLABOOM,RILLABOOM,L1
813,"Scorbunny",SPECIES_SCORBUNNY,SCORBUNNY,L1
814,"Raboot",SPECIES_RABOOT,RABOOT,L1
815,"Cinderace",SPECIES_CINDERACE,CINDERACE,L1
816,"Sobble",SPECIES_SOBBLE,SOBBLE,L1
817,"Drizzile",SPECIES_DRIZZILE,DRIZZILE,L1
818,"Inteleon",SPECIES_INTELEON,INTELEON,L1
819,"Skwovet",SPECIES_SKWOVET,SKWOVET,L1
820,"Greedent",SPECIES_GREEDENT,GREEDENT,L1
821,"Rookidee",SPECIES_ROOKIDEE,ROOKIDEE,L1
822,"Corvisquir",SPECIES_CORVISQUIRE,CORVISQUIRE,L1
823,"Corviknight",SPECIES_CORVIKNIGHT,CORVIKNIGHT,L1
824,"Blipbug",SPECIES_BLIPBUG,BLIPBUG,L1
825,"Dottler",SPECIES_DOTTLER,DOTTLER,L1
826,"Orbeetle",SPECIES_ORBEETLE,ORBEETLE,L1
827,"Nickit",SPECIES_NICKIT,NICKIT,L1
828,"Thievul",SPECIES_THIEVUL,THIEVUL,L1
829,"Gossifleur",SPECIES_GOSSIFLEUR,GOSSIFLEUR,L1
830,"Eldegoss",SPECIES_ELDEGOSS,ELDEGOSS,L1
831,"Wooloo",SPECIES_WOOLOO,WOOLOO,L1
832,"Dubwool",SPECIES_DUBWOOL,DUBWOOL,L1
833,"Chewtle",SPECIES_CHEWTLE,CHEWTLE,L1
834,"Drednaw",SPECIES_DREDNAW,DREDNAW,L1
835,"Yamper",SPECIES_YAMPER,YAMPER,L1
836,"Boltund",SPECIES_BOLTUND,BOLTUND,L1
837,"Rolycoly",SPECIES_ROLYCOLY,ROLYCOLY,L1
838,"Carkol",SPECIES_CARKOL,CARKOL,L1
839,"Coalossal",SPECIES_COALOSSAL,COALOSSAL,L1
840,"Applin",SPECIES_APPLIN,APPLIN,L1
841,"Flapple",SPECIES_FLAPPLE,FLAPPLE,L1
842,"Appletun",SPECIES_APPLETUN,APPLETUN,L1
843,"Silicobra",SPECIES_SILICOBRA,SILICOBRA,L1
844,"Sandaconda",SPECIES_SANDACONDA,SANDACONDA,L1
845,"Cramorant",SPECIES_CRAMORANT,CRAMORANT,L1
846,"Arrokuda",SPECIES_ARROKUDA,ARROKUDA,L1
847,"Barraskewda",SPECIES_BARRASKEWDA,BARRASKEWDA,L1
848,"Toxel",SPECIES_TOXEL,TOXEL,L1
849,"Toxtricity",SPECIES_TOXTRICITY,TOXTRICITY,L1
850,"Sizzlipede",SPECIES_SIZZLIPEDE,SIZZLIPEDE,L1
851,"Centiskorch",SPECIES_CENTISKORCH,CENTISKORCH,L1
852,"Clobbopus",SPECIES_CLOBBOPUS,CLOBBOPUS,L1
853,"Grapploct",SPECIES_GRAPPLOCT,GRAPPLOCT,L1
854,"Sinistea",SPECIES_SINISTEA,SINISTEA,L1
855,"Polteageist",SPECIES_POLTEAGEIST,POLTEAGEIST,L1
856,"Hatenna",SPECIES_HATENNA,HATENNA,L1
857,"Hattrem",SPECIES_HATTREM,HATTREM,L1
858,"Hatterene",SPECIES_HATTERENE,HATTERENE,L1
859,"Impidimp",SPECIES_IMPIDIMP,IMPIDIMP,L1
860,"Morgrem",SPECIES_MORGREM,MORGREM,L1
861,"Grimmsnarl",SPECIES_GRIMMSNARL,GRIMMSNARL,L1
862,"Obstagoon",SPECIES_OBSTAGOON,OBSTAGOON,L1
863,"Perrserker",SPECIES_PERRSERKER,PERRSERKER,L1
864,"Cursola",SPECIES_CURSOLA,CURSOLA,L1
865,"Sirfetch'd",SPECIES_SIRFETCHD,SIRFETCHD,L1
866,"Mr. Rime",SPECIES_MR_RIME,MR_RIME,L1
867,"Runerigus",SPECIES_RUNERIGUS,RUNERIGUS,L1
868,"Milcery",SPECIES_MILCERY,MILCERY,L1
869,"Alcremie",SPECIES_ALCREMIE,ALCREMIE,L1
870,"Falinks",SPECIES_FALINKS,FALINKS,L1
871,"Pincurchin",SPECIES_PINCURCHIN,PINCURCHIN,L1
872,"Snom",SPECIES_SNOM,SNOM,L1
873,"Frosmoth",SPECIES_FROSMOTH,FROSMOTH,L1
874,"Stonjourner",SPECIES_STONJOURNER,STONJOURNER,L1
875,"Eiscue",SPECIES_EISCUE,EISCUE,L1
876,"Indeedee",SPECIES_INDEEDEE,INDEEDEE,L1
877,"Morpeko",SPECIES_MORPEKO,MORPEKO,L1
878,"Cufant",SPECIES_CUFANT,CUFANT,L1
879,"Copperajah",SPECIES_COPPERAJAH,COPPERAJAH,L1
880,"Dracozolt",SPECIES_DRACOZOLT,DRACOZOLT,L1
881,"Arctozolt",SPECIES_ARCTOZOLT,ARCTOZOLT,L1
882,"Dracovish",SPECIES_DRACOVISH,DRACOVISH,L1
883,"Arctovish",SPECIES_ARCTOVISH,ARCTOVISH,L1
884,"Duraludon",SPECIES_DURALUDON,DURALUDON,L1
885,"Dreepy",SPECIES_DREEPY,DREEPY,L1
886,"Drakloak",SPECIES_DRAKLOAK,DRAKLOAK,L1
887,"Dragapult",SPECIES_DRAGAPULT,DRAGAPULT,L1
888,"Zacian",SPECIES_ZACIAN,ZACIAN,L1
889,"Zamazenta",SPECIES_ZAMAZENTA,ZAMAZENTA,L1
890,"Eternatus",SPECIES_ETERNATUS,ETERNATUS,L1
891,"Kubfu",SPECIES_KUBFU,KUBFU,L1
892,"Urshifu",SPECIES_URSHIFU,URSHIFU,L1
893,"Zarude",SPECIES_ZARUDE,ZARUDE,L1
894,"Regieleki",SPECIES_REGIELEKI,REGIELEKI,L1
895,"Regidrago",SPECIES_REGIDRAGO,REGIDRAGO,L1
896,"Glastrier",SPECIES_GLASTRIER,GLASTRIER,L1
897,"Spectrier",SPECIES_SPECTRIER,SPECTRIER,L1
898,"Calyrex",SPECIES_CALYREX,CALYREX,L1
899,"Wyrdeer",SPECIES_WYRDEER,WYRDEER,L1
900,"Kleavor",SPECIES_KLEAVOR,KLEAVOR,L1
901,"Ursaluna",SPECIES_URSALUNA,URSALUNA,L1
902,"Basculegion",SPECIES_BASCULEGION,BASCULEGION,L1
903,"Sneasler",SPECIES_SNEASLER,SNEASLER,L1
904,"Overqwil",SPECIES_OVERQWIL,OVERQWIL,L1
905,"Enamorus",SPECIES_ENAMORUS,ENAMORUS,L1
906,"Sprigatito",SPECIES_SPRIGATITO,SPRIGATITO,L1
907,"Floragato",SPECIES_FLORAGATO,FLORAGATO,L1
908,"Meowscarada",SPECIES_MEOWSCARADA,MEOWSCARADA,L1
909,"Fuecoco",SPECIES_FUECOCO,FUECOCO,L1
910,"Crocalor",SPECIES_CROCALOR,CROCALOR,L1
911,"Skeledirge",SPECIES_SKELEDIRGE,SKELEDIRGE,L1
912,"Quaxly",SPECIES_QUAXLY,QUAXLY,L1
913,"Quaxwell",SPECIES_QUAXWELL,QUAXWELL,L1
914,"Quaquaval",SPECIES_QUAQUAVAL,QUAQUAVAL,L1
915,"Lechonk",SPECIES_LECHONK,LECHONK,L1
916,"Oinkologne",SPECIES_OINKOLOGNE,OINKOLOGNE,L1
917,"Tarountula",SPECIES_TAROUNTULA,TAROUNTULA,L1
918,"Spidops",SPECIES_SPIDOPS,SPIDOPS,L1
919,"Nymble",SPECIES_NYMBLE,NYMBLE,L1
920,"Lokix",SPECIES_LOKIX,LOKIX,L1
921,"Pawmi",SPECIES_PAWMI,PAWMI,L1
922,"Pawmo",SPECIES_PAWMO,PAWMO,L1
923,"Pawmot",SPECIES_PAWMOT,PAWMOT,L1
924,"Tandemaus",SPECIES_TANDEMAUS,TANDEMAUS,L1
925,"Maushold",SPECIES_MAUSHOLD,MAUSHOLD,L1
926,"Fidough",SPECIES_FIDOUGH,FIDOUGH,L1
927,"Dachsbun",SPECIES_DACHSBUN,DACHSBUN,L1
928,"Smoliv",SPECIES_SMOLIV,SMOLIV,L1
929,"Dolliv",SPECIES_DOLLIV,DOLLIV,L1
930,"Arboliva",SPECIES_ARBOLIVA,ARBOLIVA,L1
931,"Squawkabilly",SPECIES_SQUAWKABILLY,SQUAWKABILLY,L1
932,"Nacli",SPECIES_NACLI,NACLI,L1
933,"Naclstack",SPECIES_NACLSTACK,NACLSTACK,L1
934,"Garganacl",SPECIES_GARGANACL,GARGANACL,L1
935,"Charcadet",SPECIES_CHARCADET,CHARCADET,L1
936,"Armarouge",SPECIES_ARMAROUGE,ARMAROUGE,L1
937,"Ceruledge",SPECIES_CERULEDGE,CERULEDGE,L1
938,"Tadbulb",SPECIES_TADBULB,TADBULB,L1
939,"Bellibolt",SPECIES_BELLIBOLT,BELLIBOLT,L1
940,"Wattrel",SPECIES_WATTREL,WATTREL,L1
941,"Kilowattrel",SPECIES_KILOWATTREL,KILOWATTREL,L1
942,"Maschiff",SPECIES_MASCHIFF,MASCHIFF,L1
943,"Mabosstiff",SPECIES_MABOSSTIFF,MABOSSTIFF,L1
944,"Shroodle",SPECIES_SHROODLE,SHROODLE,L1
945,"Grafaiai",SPECIES_GRAFAIAI,GRAFAIAI,L1
946,"Bramblin",SPECIES_BRAMBLIN,BRAMBLIN,L1
947,"Brambleghast",SPECIES_BRAMBLEGHAST,BRAMBLEGHAST,L1
948,"Toedscool",SPECIES_TOEDSCOOL,TOEDSCOOL,L1
949,"Toedscruel",SPECIES_TOEDSCRUEL,TOEDSCRUEL,L1
950,"Klawf",SPECIES_KLAWF,KLAWF,L1
951,"Capsakid",SPECIES_CAPSAKID,CAPSAKID,L1
952,"Scovillain",SPECIES_SCOVILLAIN,SCOVILLAIN,L1
953,"Rellor",SPECIES_RELLOR,RELLOR,L1
954,"Rabsca",SPECIES_RABSCA,RABSCA,L1
955,"Flittle",SPECIES_FLITTLE,FLITTLE,L1
956,"Espathra",SPECIES_ESPATHRA,ESPATHRA,L1
957,"Tinkatink",SPECIES_TINKATINK,TINKATINK,L1
958,"Tinkatuff",SPECIES_TINKATUFF,TINKATUFF,L1
959,"Tinkaton",SPECIES_TINKATON,TINKATON,L1
960,"Wiglett",SPECIES_WIGLETT,WIGLETT,L1
961,"Wugtrio",SPECIES_WUGTRIO,WUGTRIO,L1
962,"Bombirdier",SPECIES_BOMBIRDIER,BOMBIRDIER,L1
963,"Finizen",SPECIES_FINIZEN,FINIZEN,L1
964,"Palafin",SPECIES_PALAFIN,PALAFIN,L1
965,"Varoom",SPECIES_VAROOM,VAROOM,L1
966,"Revavroom",SPECIES_REVAVROOM,REVAVROOM,L1
967,"Cyclizar",SPECIES_CYCLIZAR,CYCLIZAR,L1
968,"Orthworm",SPECIES_ORTHWORM,ORTHWORM,L1
969,"Glimmet",SPECIES_GLIMMET,GLIMMET,L1
970,"Glimmora",SPECIES_GLIMMORA,GLIMMORA,L1
971,"Greavard",SPECIES_GREAVARD,GREAVARD,L1
972,"Houndstone",SPECIES_HOUNDSTONE,HOUNDSTONE,L1
973,"Flamigo",SPECIES_FLAMIGO,FLAMIGO,L1
974,"Cetoddle",SPECIES_CETODDLE,CETODDLE,L1
975,"Cetitan",SPECIES_CETITAN,CETITAN,L1
976,"Veluza",SPECIES_VELUZA,VELUZA,L1
977,"Dondozo",SPECIES_DONDOZO,DONDOZO,L1
978,"Tatsugiri",SPECIES_TATSUGIRI,TATSUGIRI,L1
979,"Annihilape",SPECIES_ANNIHILAPE,ANNIHILAPE,L1
980,"Clodsire",SPECIES_CLODSIRE,CLODSIRE,L1
981,"Farigiraf",SPECIES_FARIGIRAF,FARIGIRAF,L1
982,"Dudunsparce",SPECIES_DUDUNSPARCE,DUDUNSPARCE,L1
983,"Kingambit",SPECIES_KINGAMBIT,KINGAMBIT,L1
984,"Great Tusk",SPECIES_GREAT_TUSK,GREAT_TUSK,L1
985,"Scream Tail",SPECIES_SCREAM_TAIL,SCREAM_TAIL,L1
986,"Brute Bonnet",SPECIES_BRUTE_BONNET,BRUTE_BONNET,L1
987,"Flutter Mane",SPECIES_FLUTTER_MANE,FLUTTER_MANE,L1
988,"Slither Wing",SPECIES_SLITHER_WING,SLITHER_WING,L1
989,"Sandy Shocks",SPECIES_SANDY_SHOCKS,SANDY_SHOCKS,L1
990,"Iron Treads",SPECIES_IRON_TREADS,IRON_TREADS,L1
991,"Iron Bundle",SPECIES_IRON_BUNDLE,IRON_BUNDLE,L1
992,"Iron Hands",SPECIES_IRON_HANDS,IRON_HANDS,L1
993,"Iron Jugulis",SPECIES_IRON_JUGULIS,IRON_JUGULIS,L1
994,"Iron Moth",SPECIES_IRON_MOTH,IRON_MOTH,L1
995,"Iron Thorns",SPECIES_IRON_THORNS,IRON_THORNS,L1
996,"Frigibax",SPECIES_FRIGIBAX,FRIGIBAX,L1
997,"Arctibax",SPECIES_ARCTIBAX,ARCTIBAX,L1
998,"Baxcalibur",SPECIES_BAXCALIBUR,BAXCALIBUR,L1
999,"Gimmighoul",SPECIES_GIMMIGHOUL,GIMMIGHOUL,L1
1000,"Gholdengo",SPECIES_GHOLDENGO,GHOLDENGO,L1
1001,"Wo Chien",SPECIES_WO_CHIEN,WO_CHIEN,L1
1002,"Chien Pao",SPECIES_CHIEN_PAO,CHIEN_PAO,L1
1003,"Ting Lu",SPECIES_TING_LU,TING_LU,L1
1004,"Chi Yu",SPECIES_CHI_YU,CHI_YU,L1
1005,"Roaring Moon",SPECIES_ROARING_MOON,ROARING_MOON,L1
1006,"Iron Valiant",SPECIES_IRON_VALIANT,IRON_VALIANT,L1
1007,"Koraidon",SPECIES_KORAIDON,KORAIDON,L1
1008,"Miraidon",SPECIES_MIRAIDON,MIRAIDON,L1
1009,"Walking Wake",SPECIES_WALKING_WAKE,WALKING_WAKE,L1
1010,"Iron Leaves",SPECIES_IRON_LEAVES,IRON_LEAVES,L1
1011,"Dipplin",SPECIES_DIPPLIN,DIPPLIN,L1
1012,"Poltchageist",SPECIES_POLTCHAGEIST,POLTCHAGEIST,L1
1013,"Sinistcha",SPECIES_SINISTCHA,SINISTCHA,L1
1014,"Okidogi",SPECIES_OKIDOGI,OKIDOGI,L1
1015,"Munkidori",SPECIES_MUNKIDORI,MUNKIDORI,L1
1016,"Fezandipiti",SPECIES_FEZANDIPITI,FEZANDIPITI,L1
1017,"Ogerpon",SPECIES_OGERPON,OGERPON,L1
1018,"Archaludon",SPECIES_ARCHALUDON,ARCHALUDON,L1
1019,"Hydrapple",SPECIES_HYDRAPPLE,HYDRAPPLE,L1
1020,"Gouging Fire",SPECIES_GOUGING_FIRE,GOUGING_FIRE,L1
1021,"Raging Bolt",SPECIES_RAGING_BOLT,RAGING_BOLT,L1
1022,"Iron Boulder",SPECIES_IRON_BOULDER,IRON_BOULDER,L1
1023,"Iron Crown",SPECIES_IRON_CROWN,IRON_CROWN,L1
1024,"Terapagos",SPECIES_TERAPAGOS,TERAPAGOS,L1
1025,"Pecharunt",SPECIES_PECHARUNT,PECHARUNT,L1
1026,"Phantowl",SPECIES_PHANTOWL,PHANTOWL,L1
1027,"Duelumber",SPECIES_DUELUMBER,DUELUMBER,L1
1028,"Escarginite",SPECIES_ESCARGINITE,ESCARGINITE,L1
1029,"Arachtres",SPECIES_ARACHTRES,ARACHTRES,L1
1030,"Flairgrance",SPECIES_FLAIRGRANCE,FLAIRGRANCE,L1
1031,"Polartic",SPECIES_POLARTIC,POLARTIC,L1
1032,"Arashinne",SPECIES_ARASHINNE,ARASHINNE,L1
1033,"Dreadnaut",SPECIES_DREADNAUT,DREADNAUT,L1
1034,"Boarlock",SPECIES_BOARLOCK,BOARLOCK,L1
1035,"Heliomodo",SPECIES_HELIOSUNNY,HELIOSUNNY,L1
1036,"Sopranice",SPECIES_SOPRANICE,SOPRANICE,L1
1037,"Beefender",SPECIES_BEEFENDER,BEEFENDER,L1
1038,"Salazarus",SPECIES_SALAZARUS,SALAZARUS,L1
1039,"Gooschase",SPECIES_GOOSCHASE,GOOSCHASE,L1
1040,"Lepastry",SPECIES_LEPASTRY,LEPASTRY,L1
1041,"Gyaradeath",SPECIES_GYARADEATH,GYARADEATH,L1
1042,"Tortemple",SPECIES_TORTEMPLE,TORTEMPLE,L1
1043,"Brontonana",SPECIES_BRONTONANA,BRONTONANA,L1
1044,"Dredwood",SPECIES_DREDWOOD,DREDWOOD,L1
1045,"Corm",SPECIES_CORM,CORM,L1
1046,"Cormoth",SPECIES_CORMOTH,CORMOTH,L1
1047,"Popcorm",SPECIES_POPCORM,POPCORM,L1
1048,"Blizzard Maw",SPECIES_BLIZZARD_MAW,BLIZZARD_MAW,L1
1049,"Lumber Sloth",SPECIES_LUMBERING_SLOTH,LUMBERING_SLOTH,L1
1050,"Iron Carapace",SPECIES_IRON_CARAPACE,IRON_CARAPACE,L1
1051,"Magnemous",SPECIES_MAGMENOUS,MAGMENOUS,L1
1052,"Kaiosea",SPECIES_KAIOSEA,KAIOSEA,L1
1053,"Slyduck",SPECIES_SLYDUCK,SLYDUCK,L1
1054,"Shyduck",SPECIES_SHYDUCK,SHYDUCK,L1
1055,"Marbeep",SPECIES_MARBEEP,MARBEEP,L1
1056,"Fluffbee",SPECIES_FLUFFBEE,FLUFFBEE,L1
1057,"Amphybuzz",SPECIES_AMPHYBUZZ,AMPHYBUZZ,L1
1058,"Bariong",SPECIES_BARIONG,BARIONG,L1
1059,"Crabruiser",SPECIES_CRABRUISER_REDUX,CRABRUISER_REDUX,L1
1060,"Phanfernal",SPECIES_PHANFERNAL,PHANFERNAL,L1
1061,"Skulberus",SPECIES_SKULBERUS,SKULBERUS,L1
1062,"Velozel",SPECIES_VELOZEL,VELOZEL,L1
1063,"Bewarden Redux",SPECIES_BEWARDEN_REDUX,BEWARDEN_REDUX,L1
1064,"Bubbleo",SPECIES_BUBBLEO,BUBBLEO,L1
1065,"Hydroar",SPECIES_HYDROAR,HYDROAR,L1
1066,"Granitun",SPECIES_GRANITUN,GRANITUN,L1
1067,"Fujiflap",SPECIES_FUJIFLAP,FUJIFLAP,L1
1068,"Burmy Eterna",SPECIES_BURMY_ETERNA,BURMY_ETERNA,L1
1070,"Sagaracas",SPECIES_SAGARACAS,SAGARACAS,L1
1071,"Lucineon",SPECIES_LUMINOSITEON,LUMINOSITEON,L1
1072,"Crawdauntless",SPECIES_CRAWDAUNTLES,CRAWDAUNTLES,L1
1073,"Scrafster",SPECIES_SCRAFSTER,SCRAFSTER,L1
1074,"Iron Voca",SPECIES_IRON_VOCA,IRON_VOCA,L1
1075,"Morpekyll",SPECIES_MORPEKYLL,MORPEKYLL,L1
1076,"Frostula",SPECIES_FROSTULA,FROSTULA,L1
1078,"Dududunsparce",SPECIES_DUDUDUNSPARCE,DUDUDUNSPARCE,L1
1079,"Dududunsparce Mega",SPECIES_DUDUDUNSPARCE_MEGA,DUDUDUNSPARCE_MEGA,L1
1080,"Ogerpon Mega",SPECIES_OGERPON_MEGA,OGERPON_MEGA,L1
1081,"Ogerpon Hearthflame Mega",SPECIES_OGERPON_HEARTHFLAME_MASK_MEGA,OGERPON_HEARTHFLAME_MASK_MEGA,L1
1082,"Ogerpon Cornerstone Mega",SPECIES_OGERPON_CORNERSTONE_MASK_MEGA,OGERPON_CORNERSTONE_MASK_MEGA,L1
1083,"Ogerpon Wellspring",SPECIES_OGERPON_WELLSPRING_MASK_MEGA,OGERPON_WELLSPRING_MASK_MEGA,L1
1084,"Seerkat",SPECIES_SEERKAT,SEERKAT,L1
1085,"Tentagrewl",SPECIES_TENTAGREWL,TENTAGREWL,L1
1086,"Cacjack",SPECIES_CACJACK,CACJACK,L1
1087,"Tyranjoula",SPECIES_TYRANJOULA,TYRANJOULA,L1
1088,"Crag Hopper",SPECIES_JAGGED_CHUNGULIS,JAGGED_CHUNGULIS,L1
1089,"Dedelibird",SPECIES_DEDELIBIRD,DEDELIBIRD,L1
1090,"Krampird",SPECIES_KRAMPIRD,KRAMPIRD,L1
1091,"Iron Palette",SPECIES_IRON_PALETTE,IRON_PALETTE,L1
1092,"Carbonix",SPECIES_CARBONIX,CARBONIX,L1
1093,"Wispywaspy",SPECIES_WISPYWASPY,WISPYWASPY,L1
1094,"Iron Scythe",SPECIES_IRON_SCYTHE,IRON_SCYTHE,L1
1095,"Wooly Worm",SPECIES_WOOLY_WORM,WOOLY_WORM,L1
1096,"Heracreus",SPECIES_HERACREUS,HERACREUS,L1
1097,"Grotom",SPECIES_GROTOM,GROTOM,L1
1098,"Orchestot",SPECIES_ORCHESTOT,ORCHESTOT,L1
1099,"Queengambit",SPECIES_QUEENGAMBIT,QUEENGAMBIT,L1
1100,"Pentadug",SPECIES_PENTADUG,PENTADUG,L1
1102,"Abyssand",SPECIES_ABYSSAND,ABYSSAND,L1
1103,"Pentawug",SPECIES_PENTAWUG,PENTAWUG,L1
1104,"Ratiking",SPECIES_RATIKING,RATIKING,L1
1105,"Ratfioso",SPECIES_RATFIOSO,RATFIOSO,L1
1106,"Guardozel",SPECIES_GUARDOZEL,GUARDOZEL,L1
1107,"Beniccino",SPECIES_BENICCINO,BENICCINO,L1
1108,"Bewarden",SPECIES_BEWARDEN,BEWARDEN,L1
1109,"Torrentula",SPECIES_TORRENTULA,TORRENTULA,L1
1110,"Spindaze",SPECIES_SPINDAZE,SPINDAZE,L1
1111,"Blocli",SPECIES_BLOCLI,BLOCLI,L1
1112,"Bloxtack",SPECIES_BLOXTACK,BLOXTACK,L1
1113,"Gargablox",SPECIES_GARGABLOX,GARGABLOX,L1
1114,"Hippopotato",SPECIES_HIPPOPOTATO,HIPPOPOTATO,L1
1115,"Hippotaton",SPECIES_HIPPOTATON,HIPPOTATON,L1
1116,"Corn Tyrant",SPECIES_HARVESTING_TYRANT,HARVESTING_TYRANT,L1
1117,"Iron Spirals",SPECIES_IRON_SPIRALS,IRON_SPIRALS,L1
1118,"Iron Saber",SPECIES_IRON_SABER,IRON_SABER,L1
1119,"Hypnocroak",SPECIES_HYPNOCROAK,HYPNOCROAK,L1
1120,"Plundertow",SPECIES_PLUNDERTOW,PLUNDERTOW,L1
1501,"Venusaur Mega Y",SPECIES_VENUSAUR_MEGA,VENUSAUR_MEGA,L1
1502,"Charizard Mega X",SPECIES_CHARIZARD_MEGA_X,CHARIZARD_MEGA_X,L1
1503,"Charizard Mega Y",SPECIES_CHARIZARD_MEGA_Y,CHARIZARD_MEGA_Y,L1
1504,"Blastoise Mega Y",SPECIES_BLASTOISE_MEGA,BLASTOISE_MEGA,L1
1505,"Beedrill Mega",SPECIES_BEEDRILL_MEGA,BEEDRILL_MEGA,L1
1506,"Pidgeot Mega",SPECIES_PIDGEOT_MEGA,PIDGEOT_MEGA,L1
1507,"Alakazam Mega",SPECIES_ALAKAZAM_MEGA,ALAKAZAM_MEGA,L1
1508,"Slowbro Mega",SPECIES_SLOWBRO_MEGA,SLOWBRO_MEGA,L1
1509,"Gengar Mega Y",SPECIES_GENGAR_MEGA,GENGAR_MEGA,L1
1510,"Kangaskhan Mega",SPECIES_KANGASKHAN_MEGA,KANGASKHAN_MEGA,L1
1511,"Pinsir Mega",SPECIES_PINSIR_MEGA,PINSIR_MEGA,L1
1512,"Gyarados Mega X",SPECIES_GYARADOS_MEGA,GYARADOS_MEGA,L1
1513,"Aerodactyl Mega",SPECIES_AERODACTYL_MEGA,AERODACTYL_MEGA,L1
1514,"Mewtwo Mega X",SPECIES_MEWTWO_MEGA_X,MEWTWO_MEGA_X,L1
1515,"Mewtwo Mega Y",SPECIES_MEWTWO_MEGA_Y,MEWTWO_MEGA_Y,L1
1516,"Ampharos Mega",SPECIES_AMPHAROS_MEGA,AMPHAROS_MEGA,L1
1517,"Steelix Mega",SPECIES_STEELIX_MEGA,STEELIX_MEGA,L1
1518,"Scizor Mega",SPECIES_SCIZOR_MEGA,SCIZOR_MEGA,L1
1519,"Heracross Mega",SPECIES_HERACROSS_MEGA,HERACROSS_MEGA,L1
1520,"Houndoom Mega",SPECIES_HOUNDOOM_MEGA,HOUNDOOM_MEGA,L1
1521,"Tyranitar Mega",SPECIES_TYRANITAR_MEGA,TYRANITAR_MEGA,L1
1522,"Sceptile Mega",SPECIES_SCEPTILE_MEGA,SCEPTILE_MEGA,L1
1523,"Blaziken Mega",SPECIES_BLAZIKEN_MEGA,BLAZIKEN_MEGA,L1
1524,"Swampert Mega",SPECIES_SWAMPERT_MEGA,SWAMPERT_MEGA,L1
1525,"Gardevoir Mega",SPECIES_GARDEVOIR_MEGA,GARDEVOIR_MEGA,L1
1526,"Sableye Mega",SPECIES_SABLEYE_MEGA,SABLEYE_MEGA,L1
1527,"Mawile Mega",SPECIES_MAWILE_MEGA,MAWILE_MEGA,L1
1528,"Aggron Mega",SPECIES_AGGRON_MEGA,AGGRON_MEGA,L1
1529,"Medicham Mega",SPECIES_MEDICHAM_MEGA,MEDICHAM_MEGA,L1
1530,"Manectric Mega",SPECIES_MANECTRIC_MEGA,MANECTRIC_MEGA,L1
1531,"Sharpedo Mega",SPECIES_SHARPEDO_MEGA,SHARPEDO_MEGA,L1
1532,"Camerupt Mega",SPECIES_CAMERUPT_MEGA,CAMERUPT_MEGA,L1
1533,"Altaria Mega",SPECIES_ALTARIA_MEGA,ALTARIA_MEGA,L1
1534,"Banette Mega",SPECIES_BANETTE_MEGA,BANETTE_MEGA,L1
1535,"Absol Mega",SPECIES_ABSOL_MEGA,ABSOL_MEGA,L1
1536,"Glalie Mega",SPECIES_GLALIE_MEGA,GLALIE_MEGA,L1
1537,"Salamence Mega",SPECIES_SALAMENCE_MEGA,SALAMENCE_MEGA,L1
1538,"Metagross Mega",SPECIES_METAGROSS_MEGA,METAGROSS_MEGA,L1
1539,"Latias Mega",SPECIES_LATIAS_MEGA,LATIAS_MEGA,L1
1540,"Latios Mega",SPECIES_LATIOS_MEGA,LATIOS_MEGA,L1
1541,"Lopunny Mega",SPECIES_LOPUNNY_MEGA,LOPUNNY_MEGA,L1
1542,"Garchomp Mega",SPECIES_GARCHOMP_MEGA,GARCHOMP_MEGA,L1
1543,"Lucario Mega X",SPECIES_LUCARIO_MEGA,LUCARIO_MEGA,L1
1544,"Abomasnow Mega",SPECIES_ABOMASNOW_MEGA,ABOMASNOW_MEGA,L1
1545,"Gallade Mega",SPECIES_GALLADE_MEGA,GALLADE_MEGA,L1
1546,"Audino Mega",SPECIES_AUDINO_MEGA,AUDINO_MEGA,L1
1547,"Diancie Mega",SPECIES_DIANCIE_MEGA,DIANCIE_MEGA,L1
1548,"Rayquaza Mega",SPECIES_RAYQUAZA_MEGA,RAYQUAZA_MEGA,L1
1549,"Kyogre Primal",SPECIES_KYOGRE_PRIMAL,KYOGRE_PRIMAL,L1
1550,"Groudon Primal",SPECIES_GROUDON_PRIMAL,GROUDON_PRIMAL,L1
1551,"Rattata Alolan",SPECIES_RATTATA_ALOLAN,RATTATA_ALOLAN,L1
1552,"Raticate Alolan",SPECIES_RATICATE_ALOLAN,RATICATE_ALOLAN,L1
1553,"Raichu Alolan",SPECIES_RAICHU_ALOLAN,RAICHU_ALOLAN,L1
1554,"Sandshrew Alolan",SPECIES_SANDSHREW_ALOLAN,SANDSHREW_ALOLAN,L1
1555,"Sandslash Alolan",SPECIES_SANDSLASH_ALOLAN,SANDSLASH_ALOLAN,L1
1556,"Vulpix Alolan",SPECIES_VULPIX_ALOLAN,VULPIX_ALOLAN,L1
1557,"Ninetales Alolan",SPECIES_NINETALES_ALOLAN,NINETALES_ALOLAN,L1
1558,"Diglett Alolan",SPECIES_DIGLETT_ALOLAN,DIGLETT_ALOLAN,L1
1559,"Dugtrio Alolan",SPECIES_DUGTRIO_ALOLAN,DUGTRIO_ALOLAN,L1
1560,"Meowth Alolan",SPECIES_MEOWTH_ALOLAN,MEOWTH_ALOLAN,L1
1561,"Persian Alolan",SPECIES_PERSIAN_ALOLAN,PERSIAN_ALOLAN,L1
1562,"Geodude Alolan",SPECIES_GEODUDE_ALOLAN,GEODUDE_ALOLAN,L1
1563,"Graveler Alolan",SPECIES_GRAVELER_ALOLAN,GRAVELER_ALOLAN,L1
1564,"Golem Alolan",SPECIES_GOLEM_ALOLAN,GOLEM_ALOLAN,L1
1565,"Grimer Alolan",SPECIES_GRIMER_ALOLAN,GRIMER_ALOLAN,L1
1566,"Muk Alolan",SPECIES_MUK_ALOLAN,MUK_ALOLAN,L1
1567,"Exeggutor Alolan",SPECIES_EXEGGUTOR_ALOLAN,EXEGGUTOR_ALOLAN,L1
1568,"Marowak Alolan",SPECIES_MAROWAK_ALOLAN,MAROWAK_ALOLAN,L1
1569,"Meowth Galarian",SPECIES_MEOWTH_GALARIAN,MEOWTH_GALARIAN,L1
1570,"Ponyta Galarian",SPECIES_PONYTA_GALARIAN,PONYTA_GALARIAN,L1
1571,"Rapidash Galarian",SPECIES_RAPIDASH_GALARIAN,RAPIDASH_GALARIAN,L1
1572,"Slowpoke Galarian",SPECIES_SLOWPOKE_GALARIAN,SLOWPOKE_GALARIAN,L1
1573,"Slowbro Galarian",SPECIES_SLOWBRO_GALARIAN,SLOWBRO_GALARIAN,L1
1574,"Farfetchd Galarian",SPECIES_FARFETCHD_GALARIAN,FARFETCHD_GALARIAN,L1
1575,"Weezing Galarian",SPECIES_WEEZING_GALARIAN,WEEZING_GALARIAN,L1
1576,"Mr Mime Galarian",SPECIES_MR_MIME_GALARIAN,MR_MIME_GALARIAN,L1
1577,"Articuno Galarian",SPECIES_ARTICUNO_GALARIAN,ARTICUNO_GALARIAN,L1
1578,"Zapdos Galarian",SPECIES_ZAPDOS_GALARIAN,ZAPDOS_GALARIAN,L1
1579,"Moltres Galarian",SPECIES_MOLTRES_GALARIAN,MOLTRES_GALARIAN,L1
1580,"Slowking Galarian",SPECIES_SLOWKING_GALARIAN,SLOWKING_GALARIAN,L1
1581,"Corsola Galarian",SPECIES_CORSOLA_GALARIAN,CORSOLA_GALARIAN,L1
1582,"Zigzagoon Galarian",SPECIES_ZIGZAGOON_GALARIAN,ZIGZAGOON_GALARIAN,L1
1583,"Linoone Galarian",SPECIES_LINOONE_GALARIAN,LINOONE_GALARIAN,L1
1584,"Darumaka Galarian",SPECIES_DARUMAKA_GALARIAN,DARUMAKA_GALARIAN,L1
1585,"Darmanitan Galarian",SPECIES_DARMANITAN_GALARIAN,DARMANITAN_GALARIAN,L1
1586,"Yamask Galarian",SPECIES_YAMASK_GALARIAN,YAMASK_GALARIAN,L1
1587,"Stunfisk Galarian",SPECIES_STUNFISK_GALARIAN,STUNFISK_GALARIAN,L1
1588,"Pikachu Cosplay",SPECIES_PIKACHU_COSPLAY,PIKACHU_COSPLAY,L1
1589,"Pikachu Rock Star",SPECIES_PIKACHU_ROCK_STAR,PIKACHU_ROCK_STAR,L1
1590,"Pikachu Belle",SPECIES_PIKACHU_BELLE,PIKACHU_BELLE,L1
1591,"Pikachu Pop Star",SPECIES_PIKACHU_POP_STAR,PIKACHU_POP_STAR,L1
1592,"Pikachu Ph D",SPECIES_PIKACHU_PH_D,PIKACHU_PH_D,L1
1593,"Pikachu Libre",SPECIES_PIKACHU_LIBRE,PIKACHU_LIBRE,L1
1594,"Pikachu Kanto",SPECIES_PIKACHU_ORIGINAL_CAP,PIKACHU_ORIGINAL_CAP,L1
1595,"Pikachu Hoenn",SPECIES_PIKACHU_HOENN_CAP,PIKACHU_HOENN_CAP,L1
1596,"Pikachu Sinnoh",SPECIES_PIKACHU_SINNOH_CAP,PIKACHU_SINNOH_CAP,L1
1597,"Pikachu Unova",SPECIES_PIKACHU_UNOVA_CAP,PIKACHU_UNOVA_CAP,L1
1598,"Pikachu Kalos",SPECIES_PIKACHU_KALOS_CAP,PIKACHU_KALOS_CAP,L1
1599,"Pikachu Alola",SPECIES_PIKACHU_ALOLA_CAP,PIKACHU_ALOLA_CAP,L1
1600,"Pikachu Partner Cap",SPECIES_PIKACHU_PARTNER_CAP,PIKACHU_PARTNER_CAP,L1
1601,"Pikachu World",SPECIES_PIKACHU_WORLD_CAP,PIKACHU_WORLD_CAP,L1
1602,"Pichu Spiky",SPECIES_PICHU_SPIKY_EARED,PICHU_SPIKY_EARED,L1
1603,"Unown B",SPECIES_UNOWN_B,UNOWN_B,L1
1604,"Unown C",SPECIES_UNOWN_C,UNOWN_C,L1
1605,"Unown D",SPECIES_UNOWN_D,UNOWN_D,L1
1606,"Unown E",SPECIES_UNOWN_E,UNOWN_E,L1
1607,"Unown F",SPECIES_UNOWN_F,UNOWN_F,L1
1608,"Unown G",SPECIES_UNOWN_G,UNOWN_G,L1
1609,"Unown H",SPECIES_UNOWN_H,UNOWN_H,L1
1610,"Unown I",SPECIES_UNOWN_I,UNOWN_I,L1
1611,"Unown J",SPECIES_UNOWN_J,UNOWN_J,L1
1612,"Unown K",SPECIES_UNOWN_K,UNOWN_K,L1
1613,"Unown L",SPECIES_UNOWN_L,UNOWN_L,L1
1614,"Unown M",SPECIES_UNOWN_M,UNOWN_M,L1
1615,"Unown N",SPECIES_UNOWN_N,UNOWN_N,L1
1616,"Unown O",SPECIES_UNOWN_O,UNOWN_O,L1
1617,"Unown P",SPECIES_UNOWN_P,UNOWN_P,L1
1618,"Unown Q",SPECIES_UNOWN_Q,UNOWN_Q,L1
1619,"Unown R",SPECIES_UNOWN_R,UNOWN_R,L1
1620,"Unown S",SPECIES_UNOWN_S,UNOWN_S,L1
1621,"Unown T",SPECIES_UNOWN_T,UNOWN_T,L1
1622,"Unown U",SPECIES_UNOWN_U,UNOWN_U,L1
1623,"Unown V",SPECIES_UNOWN_V,UNOWN_V,L1
1624,"Unown W",SPECIES_UNOWN_W,UNOWN_W,L1
1625,"Unown X",SPECIES_UNOWN_X,UNOWN_X,L1
1626,"Unown Y",SPECIES_UNOWN_Y,UNOWN_Y,L1
1627,"Unown Z",SPECIES_UNOWN_Z,UNOWN_Z,L1
1628,"Unown Emark",SPECIES_UNOWN_EMARK,UNOWN_EMARK,L1
1629,"Unown Qmark",SPECIES_UNOWN_QMARK,UNOWN_QMARK,L1
1630,"Castform Sunny",SPECIES_CASTFORM_SUNNY,CASTFORM_SUNNY,L1
1631,"Castform Rainy",SPECIES_CASTFORM_RAINY,CASTFORM_RAINY,L1
1632,"Castform Snowy",SPECIES_CASTFORM_SNOWY,CASTFORM_SNOWY,L1
1633,"Deoxys Attack",SPECIES_DEOXYS_ATTACK,DEOXYS_ATTACK,L1
1634,"Deoxys Defense",SPECIES_DEOXYS_DEFENSE,DEOXYS_DEFENSE,L1
1635,"Deoxys Speed",SPECIES_DEOXYS_SPEED,DEOXYS_SPEED,L1
1636,"Burmy Sandy",SPECIES_BURMY_SANDY_CLOAK,BURMY_SANDY_CLOAK,L1
1637,"Burmy Trash",SPECIES_BURMY_TRASH_CLOAK,BURMY_TRASH_CLOAK,L1
1638,"Wormadam Sandy",SPECIES_WORMADAM_SANDY_CLOAK,WORMADAM_SANDY_CLOAK,L1
1639,"Wormadam Trash",SPECIES_WORMADAM_TRASH_CLOAK,WORMADAM_TRASH_CLOAK,L1
1640,"Cherrim Sunshine",SPECIES_CHERRIM_SUNSHINE,CHERRIM_SUNSHINE,L1
1641,"Shellos East",SPECIES_SHELLOS_EAST_SEA,SHELLOS_EAST_SEA,L1
1642,"Gastrodon East",SPECIES_GASTRODON_EAST_SEA,GASTRODON_EAST_SEA,L1
1643,"Rotom Heat",SPECIES_ROTOM_HEAT,ROTOM_HEAT,L1
1644,"Rotom Wash",SPECIES_ROTOM_WASH,ROTOM_WASH,L1
1645,"Rotom Frost",SPECIES_ROTOM_FROST,ROTOM_FROST,L1
1646,"Rotom Fan",SPECIES_ROTOM_FAN,ROTOM_FAN,L1
1647,"Rotom Mow",SPECIES_ROTOM_MOW,ROTOM_MOW,L1
1648,"Giratina Origin",SPECIES_GIRATINA_ORIGIN,GIRATINA_ORIGIN,L1
1649,"Shaymin Sky",SPECIES_SHAYMIN_SKY,SHAYMIN_SKY,L1
1650,"Arceus Fighting",SPECIES_ARCEUS_FIGHTING,ARCEUS_FIGHTING,L1
1651,"Arceus Flying",SPECIES_ARCEUS_FLYING,ARCEUS_FLYING,L1
1652,"Arceus Poison",SPECIES_ARCEUS_POISON,ARCEUS_POISON,L1
1653,"Arceus Ground",SPECIES_ARCEUS_GROUND,ARCEUS_GROUND,L1
1654,"Arceus Rock",SPECIES_ARCEUS_ROCK,ARCEUS_ROCK,L1
1655,"Arceus Bug",SPECIES_ARCEUS_BUG,ARCEUS_BUG,L1
1656,"Arceus Ghost",SPECIES_ARCEUS_GHOST,ARCEUS_GHOST,L1
1657,"Arceus Steel",SPECIES_ARCEUS_STEEL,ARCEUS_STEEL,L1
1658,"Arceus Fire",SPECIES_ARCEUS_FIRE,ARCEUS_FIRE,L1
1659,"Arceus Water",SPECIES_ARCEUS_WATER,ARCEUS_WATER,L1
1660,"Arceus Grass",SPECIES_ARCEUS_GRASS,ARCEUS_GRASS,L1
1661,"Arceus Electric",SPECIES_ARCEUS_ELECTRIC,ARCEUS_ELECTRIC,L1
1662,"Arceus Psychic",SPECIES_ARCEUS_PSYCHIC,ARCEUS_PSYCHIC,L1
1663,"Arceus Ice",SPECIES_ARCEUS_ICE,ARCEUS_ICE,L1
1664,"Arceus Dragon",SPECIES_ARCEUS_DRAGON,ARCEUS_DRAGON,L1
1665,"Arceus Dark",SPECIES_ARCEUS_DARK,ARCEUS_DARK,L1
1666,"Arceus Fairy",SPECIES_ARCEUS_FAIRY,ARCEUS_FAIRY,L1
1667,"Basculin Blue",SPECIES_BASCULIN_BLUE_STRIPED,BASCULIN_BLUE_STRIPED,L1
1668,"Darmanitan Zen",SPECIES_DARMANITAN_ZEN_MODE,DARMANITAN_ZEN_MODE,L1
1669,"Darmanitan Zen Mode Galarian",SPECIES_DARMANITAN_ZEN_MODE_GALARIAN,DARMANITAN_ZEN_MODE_GALARIAN,L1
1670,"Deerling Summer",SPECIES_DEERLING_SUMMER,DEERLING_SUMMER,L1
1671,"Deerling Autumn",SPECIES_DEERLING_AUTUMN,DEERLING_AUTUMN,L1
1672,"Deerling Winter",SPECIES_DEERLING_WINTER,DEERLING_WINTER,L1
1673,"Sawsbuck Summer",SPECIES_SAWSBUCK_SUMMER,SAWSBUCK_SUMMER,L1
1674,"Sawsbuck Autumn",SPECIES_SAWSBUCK_AUTUMN,SAWSBUCK_AUTUMN,L1
1675,"Sawsbuck Winter",SPECIES_SAWSBUCK_WINTER,SAWSBUCK_WINTER,L1
1676,"Tornadus Therian",SPECIES_TORNADUS_THERIAN,TORNADUS_THERIAN,L1
1677,"Thundurus Therian",SPECIES_THUNDURUS_THERIAN,THUNDURUS_THERIAN,L1
1678,"Landorus Therian",SPECIES_LANDORUS_THERIAN,LANDORUS_THERIAN,L1
1679,"Kyurem White",SPECIES_KYUREM_WHITE,KYUREM_WHITE,L1
1680,"Kyurem Black",SPECIES_KYUREM_BLACK,KYUREM_BLACK,L1
1681,"Keldeo Resolute",SPECIES_KELDEO_RESOLUTE,KELDEO_RESOLUTE,L1
1682,"Meloetta Pirouette",SPECIES_MELOETTA_PIROUETTE,MELOETTA_PIROUETTE,L1
1683,"Genesect Douse Drive",SPECIES_GENESECT_DOUSE_DRIVE,GENESECT_DOUSE_DRIVE,L1
1684,"Genesect Shock Drive",SPECIES_GENESECT_SHOCK_DRIVE,GENESECT_SHOCK_DRIVE,L1
1685,"Genesect Burn Drive",SPECIES_GENESECT_BURN_DRIVE,GENESECT_BURN_DRIVE,L1
1686,"Genesect Chill Drive",SPECIES_GENESECT_CHILL_DRIVE,GENESECT_CHILL_DRIVE,L1
1687,"Greninja Battle Bond",SPECIES_GRENINJA_BATTLE_BOND,GRENINJA_BATTLE_BOND,L1
1688,"Ash-Greninja",SPECIES_GRENINJA_ASH,GRENINJA_ASH,L1
1689,"Vivillon Polar",SPECIES_VIVILLON_POLAR,VIVILLON_POLAR,L1
1690,"Vivillon Tundra",SPECIES_VIVILLON_TUNDRA,VIVILLON_TUNDRA,L1
1691,"Vivillon Continental",SPECIES_VIVILLON_CONTINENTAL,VIVILLON_CONTINENTAL,L1
1692,"Vivillon Gardens",SPECIES_VIVILLON_GARDEN,VIVILLON_GARDEN,L1
1693,"Vivillon Elegant",SPECIES_VIVILLON_ELEGANT,VIVILLON_ELEGANT,L1
1694,"Vivillon Meadow",SPECIES_VIVILLON_MEADOW,VIVILLON_MEADOW,L1
1695,"Vivillon Modern",SPECIES_VIVILLON_MODERN,VIVILLON_MODERN,L1
1696,"Vivillon Marine",SPECIES_VIVILLON_MARINE,VIVILLON_MARINE,L1
1697,"Vivillon Archipelago",SPECIES_VIVILLON_ARCHIPELAGO,VIVILLON_ARCHIPELAGO,L1
1698,"Vivillon High Plains",SPECIES_VIVILLON_HIGH_PLAINS,VIVILLON_HIGH_PLAINS,L1
1699,"Vivillon Sandstorm",SPECIES_VIVILLON_SANDSTORM,VIVILLON_SANDSTORM,L1
1700,"Vivillon River",SPECIES_VIVILLON_RIVER,VIVILLON_RIVER,L1
1701,"Vivillon Monsoon",SPECIES_VIVILLON_MONSOON,VIVILLON_MONSOON,L1
1702,"Vivillon Savanna",SPECIES_VIVILLON_SAVANNA,VIVILLON_SAVANNA,L1
1703,"Vivillon Sun",SPECIES_VIVILLON_SUN,VIVILLON_SUN,L1
1704,"Vivillon Ocean",SPECIES_VIVILLON_OCEAN,VIVILLON_OCEAN,L1
1705,"Vivillon Jungle",SPECIES_VIVILLON_JUNGLE,VIVILLON_JUNGLE,L1
1706,"Vivillon Fancy",SPECIES_VIVILLON_FANCY,VIVILLON_FANCY,L1
1707,"Vivillon Pokéball",SPECIES_VIVILLON_POKE_BALL,VIVILLON_POKE_BALL,L1
1708,"Flabebe Yellow",SPECIES_FLABEBE_YELLOW_FLOWER,FLABEBE_YELLOW_FLOWER,L1
1709,"Flabebe Orange",SPECIES_FLABEBE_ORANGE_FLOWER,FLABEBE_ORANGE_FLOWER,L1
1710,"Flabebe Blue",SPECIES_FLABEBE_BLUE_FLOWER,FLABEBE_BLUE_FLOWER,L1
1711,"Flabebe White",SPECIES_FLABEBE_WHITE_FLOWER,FLABEBE_WHITE_FLOWER,L1
1712,"Floette Yellow",SPECIES_FLOETTE_YELLOW_FLOWER,FLOETTE_YELLOW_FLOWER,L1
1713,"Floette Orange",SPECIES_FLOETTE_ORANGE_FLOWER,FLOETTE_ORANGE_FLOWER,L1
1714,"Floette Blue",SPECIES_FLOETTE_BLUE_FLOWER,FLOETTE_BLUE_FLOWER,L1
1715,"Floette White",SPECIES_FLOETTE_WHITE_FLOWER,FLOETTE_WHITE_FLOWER,L1
1716,"Floette Eternal Flower",SPECIES_FLOETTE_ETERNAL_FLOWER,FLOETTE_ETERNAL_FLOWER,L1
1717,"Florges Yellow",SPECIES_FLORGES_YELLOW_FLOWER,FLORGES_YELLOW_FLOWER,L1
1718,"Florges Orange",SPECIES_FLORGES_ORANGE_FLOWER,FLORGES_ORANGE_FLOWER,L1
1719,"Florges Blue",SPECIES_FLORGES_BLUE_FLOWER,FLORGES_BLUE_FLOWER,L1
1720,"Florges White",SPECIES_FLORGES_WHITE_FLOWER,FLORGES_WHITE_FLOWER,L1
1721,"Furfrou Heart",SPECIES_FURFROU_HEART_TRIM,FURFROU_HEART_TRIM,L1
1722,"Furfrou Star",SPECIES_FURFROU_STAR_TRIM,FURFROU_STAR_TRIM,L1
1723,"Furfrou Diamond",SPECIES_FURFROU_DIAMOND_TRIM,FURFROU_DIAMOND_TRIM,L1
1724,"Furfrou Debutante",SPECIES_FURFROU_DEBUTANTE_TRIM,FURFROU_DEBUTANTE_TRIM,L1
1725,"Furfrou Matron",SPECIES_FURFROU_MATRON_TRIM,FURFROU_MATRON_TRIM,L1
1726,"Furfrou Dandy",SPECIES_FURFROU_DANDY_TRIM,FURFROU_DANDY_TRIM,L1
1727,"Furfrou La Reine",SPECIES_FURFROU_LA_REINE_TRIM,FURFROU_LA_REINE_TRIM,L1
1728,"Furfrou Kabuki",SPECIES_FURFROU_KABUKI_TRIM,FURFROU_KABUKI_TRIM,L1
1729,"Furfrou Pharaoh",SPECIES_FURFROU_PHARAOH_TRIM,FURFROU_PHARAOH_TRIM,L1
1730,"Meowstic Female",SPECIES_MEOWSTIC_FEMALE,MEOWSTIC_FEMALE,L1
1731,"Aegislash Blade",SPECIES_AEGISLASH_BLADE,AEGISLASH_BLADE,L1
1732,"Pumpkaboo Small",SPECIES_PUMPKABOO_SMALL,PUMPKABOO_SMALL,L1
1733,"Pumpkaboo Large",SPECIES_PUMPKABOO_LARGE,PUMPKABOO_LARGE,L1
1734,"Pumpkaboo Super",SPECIES_PUMPKABOO_SUPER,PUMPKABOO_SUPER,L1
1735,"Gourgeist Small",SPECIES_GOURGEIST_SMALL,GOURGEIST_SMALL,L1
1736,"Gourgeist Large",SPECIES_GOURGEIST_LARGE,GOURGEIST_LARGE,L1
1737,"Gourgeist Super",SPECIES_GOURGEIST_SUPER,GOURGEIST_SUPER,L1
1738,"Xerneas Active",SPECIES_XERNEAS_ACTIVE,XERNEAS_ACTIVE,L1
1739,"Zygarde 10",SPECIES_ZYGARDE_10,ZYGARDE_10,L1
1740,"Zygarde 10 Power Construct",SPECIES_ZYGARDE_10_POWER_CONSTRUCT,ZYGARDE_10_POWER_CONSTRUCT,L1
1741,"Zygarde 50 Power Construct",SPECIES_ZYGARDE_50_POWER_CONSTRUCT,ZYGARDE_50_POWER_CONSTRUCT,L1
1742,"Zygarde Complete",SPECIES_ZYGARDE_COMPLETE,ZYGARDE_COMPLETE,L1
1743,"Hoopa Unbound",SPECIES_HOOPA_UNBOUND,HOOPA_UNBOUND,L1
1744,"Oricorio Pom Pom",SPECIES_ORICORIO_POM_POM,ORICORIO_POM_POM,L1
1745,"Oricorio Pau",SPECIES_ORICORIO_PAU,ORICORIO_PAU,L1
1746,"Oricorio Sensu",SPECIES_ORICORIO_SENSU,ORICORIO_SENSU,L1
1747,"Rockruff Own Tempo",SPECIES_ROCKRUFF_OWN_TEMPO,ROCKRUFF_OWN_TEMPO,L1
1748,"Lycanroc Midnight",SPECIES_LYCANROC_MIDNIGHT,LYCANROC_MIDNIGHT,L1
1749,"Lycanroc Dusk",SPECIES_LYCANROC_DUSK,LYCANROC_DUSK,L1
1750,"Wishiwashi School",SPECIES_WISHIWASHI_SCHOOL,WISHIWASHI_SCHOOL,L1
1751,"Silvally Fighting",SPECIES_SILVALLY_FIGHTING,SILVALLY_FIGHTING,L1
1752,"Silvally Flying",SPECIES_SILVALLY_FLYING,SILVALLY_FLYING,L1
1753,"Silvally Poison",SPECIES_SILVALLY_POISON,SILVALLY_POISON,L1
1754,"Silvally Ground",SPECIES_SILVALLY_GROUND,SILVALLY_GROUND,L1
1755,"Silvally Rock",SPECIES_SILVALLY_ROCK,SILVALLY_ROCK,L1
1756,"Silvally Bug",SPECIES_SILVALLY_BUG,SILVALLY_BUG,L1
1757,"Silvally Ghost",SPECIES_SILVALLY_GHOST,SILVALLY_GHOST,L1
1758,"Silvally Steel",SPECIES_SILVALLY_STEEL,SILVALLY_STEEL,L1
1759,"Silvally Fire",SPECIES_SILVALLY_FIRE,SILVALLY_FIRE,L1
1760,"Silvally Water",SPECIES_SILVALLY_WATER,SILVALLY_WATER,L1
1761,"Silvally Grass",SPECIES_SILVALLY_GRASS,SILVALLY_GRASS,L1
1762,"Silvally Electric",SPECIES_SILVALLY_ELECTRIC,SILVALLY_ELECTRIC,L1
1763,"Silvally Psychic",SPECIES_SILVALLY_PSYCHIC,SILVALLY_PSYCHIC,L1
1764,"Silvally Ice",SPECIES_SILVALLY_ICE,SILVALLY_ICE,L1
1765,"Silvally Dragon",SPECIES_SILVALLY_DRAGON,SILVALLY_DRAGON,L1
1766,"Silvally Dark",SPECIES_SILVALLY_DARK,SILVALLY_DARK,L1
1767,"Silvally Fairy",SPECIES_SILVALLY_FAIRY,SILVALLY_FAIRY,L1
1768,"Minior Orange",SPECIES_MINIOR_METEOR_ORANGE,MINIOR_METEOR_ORANGE,L1
1769,"Minior Yellow",SPECIES_MINIOR_METEOR_YELLOW,MINIOR_METEOR_YELLOW,L1
1770,"Minior Green",SPECIES_MINIOR_METEOR_GREEN,MINIOR_METEOR_GREEN,L1
1771,"Minior Blue",SPECIES_MINIOR_METEOR_BLUE,MINIOR_METEOR_BLUE,L1
1772,"Minior Indigo",SPECIES_MINIOR_METEOR_INDIGO,MINIOR_METEOR_INDIGO,L1
1773,"Minior Violet",SPECIES_MINIOR_METEOR_VIOLET,MINIOR_METEOR_VIOLET,L1
1774,"Minior Core Red",SPECIES_MINIOR_CORE_RED,MINIOR_CORE_RED,L1
1775,"Minior Core Orange",SPECIES_MINIOR_CORE_ORANGE,MINIOR_CORE_ORANGE,L1
1776,"Minior Core Yellow",SPECIES_MINIOR_CORE_YELLOW,MINIOR_CORE_YELLOW,L1
1777,"Minior Core Green",SPECIES_MINIOR_CORE_GREEN,MINIOR_CORE_GREEN,L1
1778,"Minior Core Blue",SPECIES_MINIOR_CORE_BLUE,MINIOR_CORE_BLUE,L1
1779,"Minior Core Indigo",SPECIES_MINIOR_CORE_INDIGO,MINIOR_CORE_INDIGO,L1
1780,"Minior Core Violet",SPECIES_MINIOR_CORE_VIOLET,MINIOR_CORE_VIOLET,L1
1781,"Mimikyu Busted",SPECIES_MIMIKYU_BUSTED,MIMIKYU_BUSTED,L1
1782,"Dusk Mane",SPECIES_NECROZMA_DUSK_MANE,NECROZMA_DUSK_MANE,L1
1783,"Dawn Wings",SPECIES_NECROZMA_DAWN_WINGS,NECROZMA_DAWN_WINGS,L1
1784,"Necrozma Ultra",SPECIES_NECROZMA_ULTRA,NECROZMA_ULTRA,L1
1785,"Magearna Original",SPECIES_MAGEARNA_ORIGINAL_COLOR,MAGEARNA_ORIGINAL_COLOR,L1
1786,"Cramorant Gulping",SPECIES_CRAMORANT_GULPING,CRAMORANT_GULPING,L1
1787,"Cramorant Gorging",SPECIES_CRAMORANT_GORGING,CRAMORANT_GORGING,L1
1788,"Toxtricity Low Key",SPECIES_TOXTRICITY_LOW_KEY,TOXTRICITY_LOW_KEY,L1
1789,"Sinistea Antique",SPECIES_SINISTEA_ANTIQUE,SINISTEA_ANTIQUE,L1
1790,"Polteageist Antique",SPECIES_POLTEAGEIST_ANTIQUE,POLTEAGEIST_ANTIQUE,L1
1791,"Alcremie Ruby",SPECIES_ALCREMIE_RUBY_CREAM,ALCREMIE_RUBY_CREAM,L1
1792,"Alcremie Matcha",SPECIES_ALCREMIE_MATCHA_CREAM,ALCREMIE_MATCHA_CREAM,L1
1793,"Alcremie Mint",SPECIES_ALCREMIE_MINT_CREAM,ALCREMIE_MINT_CREAM,L1
1794,"Alcremie Lemon",SPECIES_ALCREMIE_LEMON_CREAM,ALCREMIE_LEMON_CREAM,L1
1795,"Alcremie Salted",SPECIES_ALCREMIE_SALTED_CREAM,ALCREMIE_SALTED_CREAM,L1
1796,"Alcremie Ruby Swirl",SPECIES_ALCREMIE_RUBY_SWIRL,ALCREMIE_RUBY_SWIRL,L1
1797,"Alcremie Caramel",SPECIES_ALCREMIE_CARAMEL_SWIRL,ALCREMIE_CARAMEL_SWIRL,L1
1798,"Alcremie Rainbow",SPECIES_ALCREMIE_RAINBOW_SWIRL,ALCREMIE_RAINBOW_SWIRL,L1
1799,"Eiscue Noice Face",SPECIES_EISCUE_NOICE_FACE,EISCUE_NOICE_FACE,L1
1800,"Indeedee Female",SPECIES_INDEEDEE_FEMALE,INDEEDEE_FEMALE,L1
1801,"Morpeko Hangry",SPECIES_MORPEKO_HANGRY,MORPEKO_HANGRY,L1
1802,"Zacian Crowned",SPECIES_ZACIAN_CROWNED_SWORD,ZACIAN_CROWNED_SWORD,L1
1803,"Zamazenta Crowned",SPECIES_ZAMAZENTA_CROWNED_SHIELD,ZAMAZENTA_CROWNED_SHIELD,L1
1804,"Eternatus Primal",SPECIES_ETERNATUS_ETERNAMAX,ETERNATUS_ETERNAMAX,L1
1805,"Urshifu Rapid Strike Style",SPECIES_URSHIFU_RAPID_STRIKE_STYLE,URSHIFU_RAPID_STRIKE_STYLE,L1
1806,"Zarude Dada",SPECIES_ZARUDE_DADA,ZARUDE_DADA,L1
1807,"Calyrex Ice Rider",SPECIES_CALYREX_ICE_RIDER,CALYREX_ICE_RIDER,L1
1808,"Calyrex Shadow Rider",SPECIES_CALYREX_SHADOW_RIDER,CALYREX_SHADOW_RIDER,L1
1809,"Qwilfish Hisuian",SPECIES_QWILFISH_HISUIAN,QWILFISH_HISUIAN,L1
1810,"Growlithe Hisuian",SPECIES_GROWLITHE_HISUIAN,GROWLITHE_HISUIAN,L1
1811,"Arcanine Hisuian",SPECIES_ARCANINE_HISUIAN,ARCANINE_HISUIAN,L1
1812,"Voltorb Hisuian",SPECIES_VOLTORB_HISUIAN,VOLTORB_HISUIAN,L1
1813,"Electrode Hisuian",SPECIES_ELECTRODE_HISUIAN,ELECTRODE_HISUIAN,L1
1814,"Typhlosion Hisuian",SPECIES_TYPHLOSION_HISUIAN,TYPHLOSION_HISUIAN,L1
1815,"Sneasel Hisuian",SPECIES_SNEASEL_HISUIAN,SNEASEL_HISUIAN,L1
1816,"Samurott Hisuian",SPECIES_SAMUROTT_HISUIAN,SAMUROTT_HISUIAN,L1
1817,"Lilligant Hisuian",SPECIES_LILLIGANT_HISUIAN,LILLIGANT_HISUIAN,L1
1818,"Braviary Hisuian",SPECIES_BRAVIARY_HISUIAN,BRAVIARY_HISUIAN,L1
1819,"Sliggoo Hisuian",SPECIES_SLIGGOO_HISUIAN,SLIGGOO_HISUIAN,L1
1820,"Goodra Hisuian",SPECIES_GOODRA_HISUIAN,GOODRA_HISUIAN,L1
1821,"Avalugg Hisuian",SPECIES_AVALUGG_HISUIAN,AVALUGG_HISUIAN,L1
1822,"Decidueye Hisuian",SPECIES_DECIDUEYE_HISUIAN,DECIDUEYE_HISUIAN,L1
1823,"Zorua Hisuian",SPECIES_ZORUA_HISUIAN,ZORUA_HISUIAN,L1
1824,"Zoroark Hisuian",SPECIES_ZOROARK_HISUIAN,ZOROARK_HISUIAN,L1
1825,"Tauros Paldean Aqua Breed",SPECIES_TAUROS_PALDEAN_AQUA_BREED,TAUROS_PALDEAN_AQUA_BREED,L1
1826,"Tauros Paldean Blaze Breed",SPECIES_TAUROS_PALDEAN_BLAZE_BREED,TAUROS_PALDEAN_BLAZE_BREED,L1
1827,"Tauros Paldean Combat Breed",SPECIES_TAUROS_PALDEAN_COMBAT_BREED,TAUROS_PALDEAN_COMBAT_BREED,L1
1828,"Ursaluna Bloodmoon",SPECIES_URSALUNA_BLOODMOON,URSALUNA_BLOODMOON,L1
1829,"Palafin Hero",SPECIES_PALAFIN_HERO,PALAFIN_HERO,L1
1830,"Dudunsparce Three",SPECIES_DUDUNSPARCE_THREE_SEGMENT,DUDUNSPARCE_THREE_SEGMENT,L1
1831,"Maushold Four",SPECIES_MAUSHOLD_FOUR,MAUSHOLD_FOUR,L1
1832,"Tatsugiri Curly",SPECIES_TATSUGIRI_CURLY,TATSUGIRI_CURLY,L1
1833,"Tatsugiri Stretchy",SPECIES_TATSUGIRI_STRETCHY,TATSUGIRI_STRETCHY,L1
1834,"Tatsugiri Droopy",SPECIES_TATSUGIRI_DROOPY,TATSUGIRI_DROOPY,L1
1835,"Squawkabilly Green Plumage",SPECIES_SQUAWKABILLY_GREEN_PLUMAGE,SQUAWKABILLY_GREEN_PLUMAGE,L1
1836,"Squawkabilly Blue",SPECIES_SQUAWKABILLY_BLUE_PLUMAGE,SQUAWKABILLY_BLUE_PLUMAGE,L1
1837,"Squawkabilly Yellow",SPECIES_SQUAWKABILLY_YELLOW_PLUMAGE,SQUAWKABILLY_YELLOW_PLUMAGE,L1
1838,"Squawkabilly White",SPECIES_SQUAWKABILLY_WHITE_PLUMAGE,SQUAWKABILLY_WHITE_PLUMAGE,L1
1839,"Ogerpon Wellspring Mask",SPECIES_OGERPON_WELLSPRING_MASK,OGERPON_WELLSPRING_MASK,L1
1840,"Ogerpon Hearthflame",SPECIES_OGERPON_HEARTHFLAME_MASK,OGERPON_HEARTHFLAME_MASK,L1
1841,"Ogerpon Cornerstone",SPECIES_OGERPON_CORNERSTONE_MASK,OGERPON_CORNERSTONE_MASK,L1
1842,"Dialga Origin",SPECIES_DIALGA_ORIGIN,DIALGA_ORIGIN,L1
1843,"Palkia Origin",SPECIES_PALKIA_ORIGIN,PALKIA_ORIGIN,L1
1844,"Enamorus Therian",SPECIES_ENAMORUS_THERIAN,ENAMORUS_THERIAN,L1
1845,"Castform Sandy",SPECIES_CASTFORM_SANDY,CASTFORM_SANDY,L1
1846,"Polartic Bluemoon",SPECIES_POLARTIC_BLUEMOON,POLARTIC_BLUEMOON,L1
1847,"Lumbering Sloth Engulfed",SPECIES_LUMBERING_SLOTH_ENGULFED,LUMBERING_SLOTH_ENGULFED,L1
1848,"Gimmighoul Roaming",SPECIES_GIMMIGHOUL_ROAMING,GIMMIGHOUL_ROAMING,L1
1849,"Basculegion F",SPECIES_BASCULEGION_F,BASCULEGION_F,L1
1850,"Terapagos Primal",SPECIES_TERAPAGOS_STELLAR,TERAPAGOS_STELLAR,L1
1851,"Hydroar F",SPECIES_HYDROAR_F,HYDROAR_F,L1
1852,"Pikachu Partner",SPECIES_PIKACHU_PARTNER,PIKACHU_PARTNER,L1
1853,"Eevee Partner",SPECIES_EEVEE_PARTNER,EEVEE_PARTNER,L1
1854,"Meowth Partner",SPECIES_MEOWTH_PARTNER,MEOWTH_PARTNER,L1
1855,"Mimikyu Primal",SPECIES_MIMIKYU_RAYQUAZA_BUSTED,MIMIKYU_RAYQUAZA_BUSTED,L1
1856,"Slaking Mega Ape Shift",SPECIES_SLAKING_MEGA_APE_SHIFT,SLAKING_MEGA_APE_SHIFT,L1
1857,"Raichu Mega Y",SPECIES_RAICHU_MEGA_Y,RAICHU_MEGA_Y,L1
1858,"Castform Foggy",SPECIES_CASTFORM_FOGGY,CASTFORM_FOGGY,L1
1860,"Chesnaught Battle Bond",SPECIES_CHESNAUGHT_BATTLE_BOND,CHESNAUGHT_BATTLE_BOND,L1
1861,"Clemont-Chesnaught",SPECIES_CHESNAUGHT_CLEMONT,CHESNAUGHT_CLEMONT,L1
1862,"Delphox Battle Bond",SPECIES_DELPHOX_BATTLE_BOND,DELPHOX_BATTLE_BOND,L1
1863,"Serena-Delphox",SPECIES_DELPHOX_SERENA,DELPHOX_SERENA,L1
1864,"Morpekyll Hangry",SPECIES_MORPEKYLL_HANGRY,MORPEKYLL_HANGRY,L1
1865,"Unown Revelation",SPECIES_UNOWN_REVELATION,UNOWN_REVELATION,L1
1866,"Lycanroc Eclipse",SPECIES_LYCANROC_ECLIPSE,LYCANROC_ECLIPSE,L1
1867,"Lycanroc Twilight",SPECIES_LYCANROC_TWILIGHT,LYCANROC_TWILIGHT,L1
1868,"Scrafty Mega",SPECIES_SCRAFTY_MEGA,SCRAFTY_MEGA,L1
1869,"Falinks Mega",SPECIES_FALINKS_MEGA,FALINKS_MEGA,L1
1870,"Pyroar Mega",SPECIES_PYROAR_MEGA,PYROAR_MEGA,L1
1871,"Chesnaught Mega",SPECIES_CHESNAUGHT_MEGA,CHESNAUGHT_MEGA,L1
1872,"Delphox Mega",SPECIES_DELPHOX_MEGA,DELPHOX_MEGA,L1
1873,"Greninja Mega",SPECIES_GRENINJA_MEGA,GRENINJA_MEGA,L1
1874,"Eelektross Mega",SPECIES_EELEKTROSS_MEGA,EELEKTROSS_MEGA,L1
1875,"Malamar Mega",SPECIES_MALAMAR_MEGA,MALAMAR_MEGA,L1
1876,"Victreebel Mega",SPECIES_VICTREEBEL_MEGA,VICTREEBEL_MEGA,L1
1877,"Dragalge Mega",SPECIES_DRAGALGE_MEGA,DRAGALGE_MEGA,L1
1878,"Hawlucha Mega",SPECIES_HAWLUCHA_MEGA,HAWLUCHA_MEGA,L1
1879,"Clefable Mega Y",SPECIES_CLEFABLE_MEGA_Y,CLEFABLE_MEGA_Y,L1
1880,"Dragonite Mega Y",SPECIES_DRAGONITE_MEGA_Y,DRAGONITE_MEGA_Y,L1
1881,"Excadrill Mega",SPECIES_EXCADRILL_MEGA,EXCADRILL_MEGA,L1
1882,"Scolipede Mega",SPECIES_SCOLIPEDE_MEGA,SCOLIPEDE_MEGA,L1
1883,"Chandelure Mega Y",SPECIES_CHANDELURE_MEGA_Y,CHANDELURE_MEGA_Y,L1
1884,"Floette Mega",SPECIES_FLOETTE_ETERNAL_FLOWER_MEGA,FLOETTE_ETERNAL_FLOWER_MEGA,L1
1885,"Zygarde Mega",SPECIES_ZYGARDE_COMPLETE_MEGA,ZYGARDE_COMPLETE_MEGA,L1
1886,"Barbaracle Mega",SPECIES_BARBARACLE_MEGA,BARBARACLE_MEGA,L1
1887,"Drampa Mega",SPECIES_DRAMPA_MEGA,DRAMPA_MEGA,L1
1888,"Starmie Mega",SPECIES_STARMIE_MEGA,STARMIE_MEGA,L1
1889,"Skarmory Mega Y",SPECIES_SKARMORY_MEGA_Y,SKARMORY_MEGA_Y,L1
1890,"Froslass Mega Y",SPECIES_FROSLASS_MEGA_Y,FROSLASS_MEGA_Y,L1
1891,"Raichu Mega X",SPECIES_RAICHU_MEGA_X,RAICHU_MEGA_X,L1
1892,"Absol Mega Z",SPECIES_ABSOL_MEGA_Z,ABSOL_MEGA_Z,L1
1893,"Staraptor Mega",SPECIES_STARAPTOR_MEGA,STARAPTOR_MEGA,L1
1894,"Garchomp Mega Z",SPECIES_GARCHOMP_MEGA_Z,GARCHOMP_MEGA_Z,L1
1895,"Heatran Mega",SPECIES_HEATRAN_MEGA,HEATRAN_MEGA,L1
1896,"Darkrai Mega",SPECIES_DARKRAI_MEGA,DARKRAI_MEGA,L1
1897,"Golurk Mega",SPECIES_GOLURK_MEGA,GOLURK_MEGA,L1
1898,"Meowstic Mega",SPECIES_MEOWSTIC_MEGA,MEOWSTIC_MEGA,L1
1899,"Crabominable Mega",SPECIES_CRABOMINABLE_MEGA,CRABOMINABLE_MEGA,L1
1900,"Golisopod Mega Y",SPECIES_GOLISOPOD_MEGA_Y,GOLISOPOD_MEGA_Y,L1
1901,"Magearna Mega",SPECIES_MAGEARNA_MEGA,MAGEARNA_MEGA,L1
1902,"Zeraora Mega",SPECIES_ZERAORA_MEGA,ZERAORA_MEGA,L1
1903,"Scovillain Mega",SPECIES_SCOVILLAIN_MEGA,SCOVILLAIN_MEGA,L1
1904,"Tatsugiri Mega",SPECIES_TATSUGIRI_MEGA,TATSUGIRI_MEGA,L1
1905,"Baxcalibur Mega",SPECIES_BAXCALIBUR_MEGA,BAXCALIBUR_MEGA,L1
1906,"Chimecho Mega",SPECIES_CHIMECHO_MEGA,CHIMECHO_MEGA,L1
1907,"Glimmora Mega",SPECIES_GLIMMORA_MEGA,GLIMMORA_MEGA,L1
2101,"Milotic Mega",SPECIES_MILOTIC_MEGA,MILOTIC_MEGA,L1
2102,"Butterfree Mega",SPECIES_BUTTERFREE_MEGA,BUTTERFREE_MEGA,L1
2103,"Machamp Mega",SPECIES_MACHAMP_MEGA,MACHAMP_MEGA,L1
2104,"Kingler Mega",SPECIES_KINGLER_MEGA,KINGLER_MEGA,L1
2105,"Lapras Mega Y",SPECIES_LAPRAS_MEGA,LAPRAS_MEGA,L1
2106,"Flygon Mega",SPECIES_FLYGON_MEGA,FLYGON_MEGA,L1
2107,"Kingdra Mega X",SPECIES_KINGDRA_MEGA,KINGDRA_MEGA,L1
2108,"Dewgong Mega",SPECIES_DEWGONG_MEGA,DEWGONG_MEGA,L1
2109,"Hitmonchan Mega",SPECIES_HITMONCHAN_MEGA,HITMONCHAN_MEGA,L1
2110,"Hitmonlee Mega",SPECIES_HITMONLEE_MEGA,HITMONLEE_MEGA,L1
2111,"Hitmontop Mega",SPECIES_HITMONTOP_MEGA,HITMONTOP_MEGA,L1
2112,"Crobat Mega",SPECIES_CROBAT_MEGA,CROBAT_MEGA,L1
2113,"Skarmory Mega X",SPECIES_SKARMORY_MEGA,SKARMORY_MEGA,L1
2115,"Torterra Mega",SPECIES_TORTERRA_MEGA,TORTERRA_MEGA,L1
2116,"Infernape Mega",SPECIES_INFERNAPE_MEGA,INFERNAPE_MEGA,L1
2117,"Empoleon Mega",SPECIES_EMPOLEON_MEGA,EMPOLEON_MEGA,L1
2118,"Shuckle Mega",SPECIES_SHUCKLE_MEGA,SHUCKLE_MEGA,L1
2119,"Relicanth Mega",SPECIES_RELICANTH_MEGA,RELICANTH_MEGA,L1
2120,"Toucannon Mega",SPECIES_TOUCANNON_MEGA,TOUCANNON_MEGA,L1
2121,"Dragonite Mega",SPECIES_DRAGONITE_MEGA,DRAGONITE_MEGA,L1
2122,"Breloom Mega",SPECIES_BRELOOM_MEGA,BRELOOM_MEGA,L1
2123,"Slaking Mega",SPECIES_SLAKING_MEGA,SLAKING_MEGA,L1
2124,"Feraligatr Mega X",SPECIES_FERALIGATR_MEGA_X,FERALIGATR_MEGA_X,L1
2125,"Feraligatr Mega Y",SPECIES_FERALIGATR_MEGA_Y,FERALIGATR_MEGA_Y,L1
2126,"Granbull Mega",SPECIES_GRANBULL_MEGA,GRANBULL_MEGA,L1
2128,"Quagsire Mega",SPECIES_QUAGSIRE_MEGA,QUAGSIRE_MEGA,L1
2129,"Gyarados Mega Y",SPECIES_GYARADOS_MEGA_Y,GYARADOS_MEGA_Y,L1
2130,"Haxorus Mega",SPECIES_HAXORUS_MEGA,HAXORUS_MEGA,L1
2132,"Meganium Mega",SPECIES_MEGANIUM_MEGA,MEGANIUM_MEGA,L1
2133,"Luxray Mega",SPECIES_LUXRAY_MEGA,LUXRAY_MEGA,L1
2134,"Nidoking Mega",SPECIES_NIDOKING_MEGA,NIDOKING_MEGA,L1
2135,"Nidoqueen Mega",SPECIES_NIDOQUEEN_MEGA,NIDOQUEEN_MEGA,L1
2136,"Sandslash Mega",SPECIES_SANDSLASH_MEGA,SANDSLASH_MEGA,L1
2137,"Typhlosion Mega",SPECIES_TYPHLOSION_MEGA,TYPHLOSION_MEGA,L1
2138,"Krookodile Mega",SPECIES_KROOKODILE_MEGA,KROOKODILE_MEGA,L1
2139,"Magnezone Mega",SPECIES_MAGNEZONE_MEGA,MAGNEZONE_MEGA,L1
2140,"Shedinja Mega",SPECIES_SHEDINJA_MEGA,SHEDINJA_MEGA,L1
2141,"Swalot Mega",SPECIES_SWALOT_MEGA,SWALOT_MEGA,L1
2142,"Lanturn Mega",SPECIES_LANTURN_MEGA,LANTURN_MEGA,L1
2143,"Lapras Mega X",SPECIES_LAPRAS_MEGA_X,LAPRAS_MEGA_X,L1
2144,"Slowking Mega",SPECIES_SLOWKING_MEGA,SLOWKING_MEGA,L1
2145,"Ribombee Mega",SPECIES_RIBOMBEE_MEGA,RIBOMBEE_MEGA,L1
2146,"Alakazam Mega Redux",SPECIES_ALAKAZAM_MEGA_REDUX,ALAKAZAM_MEGA_REDUX,L1
2147,"Beedrill Mega Redux",SPECIES_BEEDRILL_MEGA_REDUX,BEEDRILL_MEGA_REDUX,L1
2148,"Machamp Mega Redux",SPECIES_MACHAMP_MEGA_REDUX,MACHAMP_MEGA_REDUX,L1
2149,"Skarmory Mega",SPECIES_SKARMORY_MEGA_REDUX,SKARMORY_MEGA_REDUX,L1
2150,"Arcanine Mega",SPECIES_ARCANINE_MEGA_REDUX,ARCANINE_MEGA_REDUX,L1
2151,"Garchomp Mega Redux",SPECIES_GARCHOMP_MEGA_REDUX,GARCHOMP_MEGA_REDUX,L1
2152,"Mawile Mega Redux",SPECIES_MAWILE_MEGA_REDUX,MAWILE_MEGA_REDUX,L1
2153,"Sableye Mega Redux",SPECIES_SABLEYE_MEGA_REDUX,SABLEYE_MEGA_REDUX,L1
2154,"Houndoom Mega Redux",SPECIES_HOUNDOOM_MEGA_REDUX,HOUNDOOM_MEGA_REDUX,L1
2155,"Froslass Mega X",SPECIES_FROSLASS_MEGA,FROSLASS_MEGA,L1
2156,"Wigglytuff Mega X",SPECIES_WIGGLYTUFF_MEGA_X,WIGGLYTUFF_MEGA_X,L1
2157,"Cascoon Primal",SPECIES_CASCOON_PRIMAL,CASCOON_PRIMAL,L1
2158,"Wigglytuff Mega Y",SPECIES_WIGGLYTUFF_MEGA,WIGGLYTUFF_MEGA,L1
2159,"Lucario Mega Z",SPECIES_LUCARIO_MEGA_Z,LUCARIO_MEGA_Z,L1
2160,"Gyaradeath Mega X",SPECIES_GYARADEATH_MEGA_X,GYARADEATH_MEGA_X,L1
2161,"Gyaradeath Mega Y",SPECIES_GYARADEATH_MEGA_Y,GYARADEATH_MEGA_Y,L1
2162,"Arbok Mega",SPECIES_ARBOK_MEGA,ARBOK_MEGA,L1
2163,"Kingambit Mega",SPECIES_KINGAMBIT_REDUX_MEGA,KINGAMBIT_REDUX_MEGA,L1
2164,"Golisopod Mega",SPECIES_GOLISOPOD_MEGA,GOLISOPOD_MEGA,L1
2165,"Rapidash Mega",SPECIES_RAPIDASH_MEGA,RAPIDASH_MEGA,L1
2166,"Rapidash Mega Galarian",SPECIES_RAPIDASH_MEGA_GALARIAN,RAPIDASH_MEGA_GALARIAN,L1
2167,"Oricorio Mega",SPECIES_ORICORIO_MEGA,ORICORIO_MEGA,L1
2168,"Aegislash Mega",SPECIES_AEGISLASH_REDUX_MEGA,AEGISLASH_REDUX_MEGA,L1
2169,"Aegislash Blade Redux Mega",SPECIES_AEGISLASH_BLADE_REDUX_MEGA,AEGISLASH_BLADE_REDUX_MEGA,L1
2170,"Reuniclus Mega",SPECIES_REUNICLUS_REDUX_MEGA,REUNICLUS_REDUX_MEGA,L1
2171,"Hydreigon Mega",SPECIES_HYDREIGON_REDUX_MEGA,HYDREIGON_REDUX_MEGA,L1
2172,"Cormoth Mega",SPECIES_CORMOTH_MEGA,CORMOTH_MEGA,L1
2173,"Popcorm Mega",SPECIES_POPCORM_MEGA,POPCORM_MEGA,L1
2174,"Torterra Redux Mega",SPECIES_TORTERRA_REDUX_MEGA,TORTERRA_REDUX_MEGA,L1
2175,"Infernape Redux Mega",SPECIES_INFERNAPE_REDUX_MEGA,INFERNAPE_REDUX_MEGA,L1
2176,"Empoleon Redux Mega",SPECIES_EMPOLEON_REDUX_MEGA,EMPOLEON_REDUX_MEGA,L1
2177,"Tsareena Mega",SPECIES_TSAREENA_REDUX_MEGA,TSAREENA_REDUX_MEGA,L1
2178,"Toxtricity Mega",SPECIES_TOXTRICITY_REDUX_MEGA,TOXTRICITY_REDUX_MEGA,L1
2179,"Toxtricity Redux Fuzz Mega",SPECIES_TOXTRICITY_REDUX_FUZZ_MEGA,TOXTRICITY_REDUX_FUZZ_MEGA,L1
2180,"Flygon Redux Mega",SPECIES_FLYGON_REDUX_MEGA,FLYGON_REDUX_MEGA,L1
2181,"Clefable Mega",SPECIES_CLEFABLE_REDUX_MEGA,CLEFABLE_REDUX_MEGA,L1
2182,"Glalie Redux Mega",SPECIES_GLALIE_REDUX_MEGA,GLALIE_REDUX_MEGA,L1
2183,"Froslass Mega",SPECIES_FROSLASS_REDUX_MEGA,FROSLASS_REDUX_MEGA,L1
2184,"Amphybuzz Mega",SPECIES_AMPHYBUZZ_MEGA,AMPHYBUZZ_MEGA,L1
2185,"Urshifu Mega",SPECIES_URSHIFU_MEGA,URSHIFU_MEGA,L1
2186,"Urshifu Rapid Strike Style Mega",SPECIES_URSHIFU_RAPID_STRIKE_STYLE_MEGA,URSHIFU_RAPID_STRIKE_STYLE_MEGA,L1
2187,"Melmetal Mega",SPECIES_MELMETAL_MEGA,MELMETAL_MEGA,L1
2188,"Venusaur Mega X",SPECIES_VENUSAUR_MEGA_X,VENUSAUR_MEGA_X,L1
2189,"Blastoise Mega X",SPECIES_BLASTOISE_MEGA_X,BLASTOISE_MEGA_X,L1
2190,"Gengar Mega X",SPECIES_GENGAR_MEGA_X,GENGAR_MEGA_X,L1
2191,"Charizard Mega Z",SPECIES_CHARIZARD_MEGA_Z,CHARIZARD_MEGA_Z,L1
2192,"Snorlax Mega",SPECIES_SNORLAX_MEGA,SNORLAX_MEGA,L1
2193,"Rillaboom Mega",SPECIES_RILLABOOM_MEGA,RILLABOOM_MEGA,L1
2194,"Cinderace Mega",SPECIES_CINDERACE_MEGA,CINDERACE_MEGA,L1
2195,"Inteleon Mega",SPECIES_INTELEON_MEGA,INTELEON_MEGA,L1
2196,"Corviknight Mega",SPECIES_CORVIKNIGHT_MEGA,CORVIKNIGHT_MEGA,L1
2197,"Drednaw Mega",SPECIES_DREDNAW_MEGA,DREDNAW_MEGA,L1
2198,"Coalossal Mega",SPECIES_COALOSSAL_MEGA,COALOSSAL_MEGA,L1
2199,"Sandaconda Mega",SPECIES_SANDACONDA_MEGA,SANDACONDA_MEGA,L1
2200,"Copperajah Mega",SPECIES_COPPERAJAH_MEGA,COPPERAJAH_MEGA,L1
2201,"Hatterene Mega",SPECIES_HATTERENE_MEGA,HATTERENE_MEGA,L1
2202,"Garbodor Mega",SPECIES_GARBODOR_MEGA,GARBODOR_MEGA,L1
2203,"Orbeetle Mega",SPECIES_ORBEETLE_MEGA,ORBEETLE_MEGA,L1
2204,"Grimmsnarl Mega",SPECIES_GRIMMSNARL_MEGA,GRIMMSNARL_MEGA,L1
2205,"Centiskorch Mega",SPECIES_CENTISKORCH_MEGA,CENTISKORCH_MEGA,L1
2206,"Alcremie Mega",SPECIES_ALCREMIE_MEGA,ALCREMIE_MEGA,L1
2207,"Toxtricity Mega",SPECIES_TOXTRICITY_MEGA,TOXTRICITY_MEGA,L1
2208,"Pikachu Mega",SPECIES_PIKACHU_PARTNER_MEGA,PIKACHU_PARTNER_MEGA,L1
2209,"Eevee Mega",SPECIES_EEVEE_PARTNER_MEGA,EEVEE_PARTNER_MEGA,L1
2210,"Meowth Mega",SPECIES_MEOWTH_PARTNER_MEGA,MEOWTH_PARTNER_MEGA,L1
2213,"Weavile Mega",SPECIES_WEAVILE_MEGA,WEAVILE_MEGA,L1
2214,"Serperior Mega",SPECIES_SERPERIOR_MEGA,SERPERIOR_MEGA,L1
2215,"Emboar Mega",SPECIES_EMBOAR_MEGA,EMBOAR_MEGA,L1
2216,"Samurott Mega",SPECIES_SAMUROTT_MEGA,SAMUROTT_MEGA,L1
2217,"Decidueye Mega",SPECIES_DECIDUEYE_MEGA,DECIDUEYE_MEGA,L1
2218,"Decidueye Hisuian Mega",SPECIES_DECIDUEYE_HISUIAN_MEGA,DECIDUEYE_HISUIAN_MEGA,L1
2219,"Incineroar Mega",SPECIES_INCINEROAR_MEGA,INCINEROAR_MEGA,L1
2220,"Meowscarada Mega",SPECIES_MEOWSCARADA_MEGA,MEOWSCARADA_MEGA,L1
2221,"Primarina Mega",SPECIES_PRIMARINA_MEGA,PRIMARINA_MEGA,L1
2222,"Quaquaval Mega",SPECIES_QUAQUAVAL_MEGA,QUAQUAVAL_MEGA,L1
2223,"Samurott Hisuian Mega",SPECIES_SAMUROTT_HISUIAN_MEGA,SAMUROTT_HISUIAN_MEGA,L1
2224,"Skeledirge Mega",SPECIES_SKELEDIRGE_MEGA,SKELEDIRGE_MEGA,L1
2225,"Typhlosion Hisuian Mega",SPECIES_TYPHLOSION_HISUIAN_MEGA,TYPHLOSION_HISUIAN_MEGA,L1
2226,"Mienshao Mega",SPECIES_MIENSHAO_MEGA,MIENSHAO_MEGA,L1
2227,"Arcanine Mega",SPECIES_ARCANINE_MEGA,ARCANINE_MEGA,L1
2228,"Goodra Mega",SPECIES_GOODRA_MEGA,GOODRA_MEGA,L1
2229,"Slowbro Mega Galarian",SPECIES_SLOWBRO_MEGA_GALARIAN,SLOWBRO_MEGA_GALARIAN,L1
2230,"Slowking Mega Galarian",SPECIES_SLOWKING_MEGA_GALARIAN,SLOWKING_MEGA_GALARIAN,L1
2231,"Roserade Mega",SPECIES_ROSERADE_MEGA,ROSERADE_MEGA,L1
2232,"Clodsire Mega",SPECIES_CLODSIRE_MEGA,CLODSIRE_MEGA,L1
2233,"Gothitelle Mega",SPECIES_GOTHITELLE_MEGA,GOTHITELLE_MEGA,L1
2234,"Arcanine Hisuian Mega",SPECIES_ARCANINE_HISUIAN_MEGA,ARCANINE_HISUIAN_MEGA,L1
2235,"Reuniclus Mega",SPECIES_REUNICLUS_MEGA,REUNICLUS_MEGA,L1
2236,"Kipmodo",SPECIES_KIPMODO,KIPMODO,L1
2237,"Marshmodo",SPECIES_MARSHMODO,MARSHMODO,L1
2238,"Swampage",SPECIES_SWAMPAGE,SWAMPAGE,L1
2239,"Swampage Mega",SPECIES_SWAMPAGE_MEGA,SWAMPAGE_MEGA,L1
2240,"Chandelure Mega X",SPECIES_CHANDELURE_MEGA,CHANDELURE_MEGA,L1
2241,"Zapdos Mega",SPECIES_ZAPDOS_EX_MEGA,ZAPDOS_EX_MEGA,L1
2242,"Articuno Mega",SPECIES_ARTICUNO_EX_MEGA,ARTICUNO_EX_MEGA,L1
2243,"Moltres Mega",SPECIES_MOLTRES_EX_MEGA,MOLTRES_EX_MEGA,L1
2244,"Zapdos Ex",SPECIES_ZAPDOS_EX,ZAPDOS_EX,L1
2245,"Articuno Ex",SPECIES_ARTICUNO_EX,ARTICUNO_EX,L1
2246,"Moltres Ex",SPECIES_MOLTRES_EX,MOLTRES_EX,L1
2247,"Minccino Redux",SPECIES_MINCCINO_REDUX,MINCCINO_REDUX,L1
2248,"Cinccino Redux",SPECIES_CINCCINO_REDUX,CINCCINO_REDUX,L1
2249,"Frostuccino",SPECIES_FROSTUCCINO,FROSTUCCINO,L1
2250,"Sinistea Redux",SPECIES_SINISTEA_REDUX,SINISTEA_REDUX,L1
2251,"Polteageist Redux",SPECIES_POLTEAGEIST_REDUX,POLTEAGEIST_REDUX,L1
2252,"Cetoddle Redux",SPECIES_CETODDLE_REDUX,CETODDLE_REDUX,L1
2253,"Cetitan Redux",SPECIES_CETITAN_REDUX,CETITAN_REDUX,L1
2254,"Talonflame Mega",SPECIES_TALONFLAME_MEGA,TALONFLAME_MEGA,L1
2255,"Carbonix Mega",SPECIES_CARBONIX_MEGA,CARBONIX_MEGA,L1
2256,"Grotom Glass",SPECIES_GROTOM_GLASS,GROTOM_GLASS,L1
2257,"Grotom Roll",SPECIES_GROTOM_ROLL,GROTOM_ROLL,L1
2258,"Grotom Drum",SPECIES_GROTOM_DRUM,GROTOM_DRUM,L1
2259,"Grotom Kick",SPECIES_GROTOM_KICK,GROTOM_KICK,L1
2260,"Grotom Fill",SPECIES_GROTOM_FILL,GROTOM_FILL,L1
2261,"Heracreus Mega",SPECIES_HERACREUS_MEGA,HERACREUS_MEGA,L1
2262,"Wispywaspy Hivemind",SPECIES_WISPYWASPY_HIVEMIND,WISPYWASPY_HIVEMIND,L1
2263,"Dragapult Mega",SPECIES_DRAGAPULT_MEGA,DRAGAPULT_MEGA,L1
2264,"Sandslash Alolan Mega",SPECIES_SANDSLASH_ALOLAN_MEGA,SANDSLASH_ALOLAN_MEGA,L1
2265,"Kleavor Mega",SPECIES_KLEAVOR_MEGA,KLEAVOR_MEGA,L1
2266,"Scyther Mega",SPECIES_SCYTHER_MEGA,SCYTHER_MEGA,L1
2267,"Hydreigon Mega",SPECIES_HYDREIGON_MEGA,HYDREIGON_MEGA,L1
2268,"Vanilluxe Mega",SPECIES_VANILLUXE_MEGA,VANILLUXE_MEGA,L1
2269,"Pentadug Alolan",SPECIES_PENTADUG_ALOLAN,PENTADUG_ALOLAN,L1
2270,"Rattata Redux",SPECIES_RATTATA_REDUX,RATTATA_REDUX,L1
2271,"Raticate Redux",SPECIES_RATICATE_REDUX,RATICATE_REDUX,L1
2272,"Vanillite Redux",SPECIES_VANILLITE_REDUX,VANILLITE_REDUX,L1
2273,"Vanillish Redux",SPECIES_VANILLISH_REDUX,VANILLISH_REDUX,L1
2274,"Vanilluxe Redux",SPECIES_VANILLUXE_REDUX,VANILLUXE_REDUX,L1
2275,"Vanilluxe Redux Mega",SPECIES_VANILLUXE_REDUX_MEGA,VANILLUXE_REDUX_MEGA,L1
2276,"Litwick Redux",SPECIES_LITWICK_REDUX,LITWICK_REDUX,L1
2277,"Lampent Redux",SPECIES_LAMPENT_REDUX,LAMPENT_REDUX,L1
2278,"Chandelure Redux",SPECIES_CHANDELURE_REDUX,CHANDELURE_REDUX,L1
2279,"Chandelure Mega",SPECIES_CHANDELURE_REDUX_MEGA,CHANDELURE_REDUX_MEGA,L1
2280,"Drilbur Redux",SPECIES_DRILBUR_REDUX,DRILBUR_REDUX,L1
2281,"Excadrill Redux",SPECIES_EXCADRILL_REDUX,EXCADRILL_REDUX,L1
2282,"Rexcadrill",SPECIES_REXCADRILL,REXCADRILL,L1
2283,"Swinub Redux",SPECIES_SWINUB_REDUX,SWINUB_REDUX,L1
2284,"Piloswine Redux",SPECIES_PILOSWINE_REDUX,PILOSWINE_REDUX,L1
2285,"Mamoswine Redux",SPECIES_MAMOSWINE_REDUX,MAMOSWINE_REDUX,L1
2286,"Mamoswine Mega",SPECIES_MAMOSWINE_REDUX_MEGA,MAMOSWINE_REDUX_MEGA,L1
2287,"Selenumbra",SPECIES_SELENUMBRA,SELENUMBRA,L1
2288,"Larvesta Redux",SPECIES_LARVESTA_REDUX,LARVESTA_REDUX,L1
2289,"Volcarona Redux",SPECIES_VOLCARONA_REDUX,VOLCARONA_REDUX,L1
2290,"Klefki Redux",SPECIES_KLEFKI_REDUX,KLEFKI_REDUX,L1
2291,"Bellsprout Redux",SPECIES_BELLSPROUT_REDUX,BELLSPROUT_REDUX,L1
2292,"Weepinbell Redux",SPECIES_WEEPINBELL_REDUX,WEEPINBELL_REDUX,L1
2293,"Victreebel Redux",SPECIES_VICTREEBEL_REDUX,VICTREEBEL_REDUX,L1
2294,"Sawk Redux",SPECIES_SAWK_REDUX,SAWK_REDUX,L1
2295,"Throh Redux",SPECIES_THROH_REDUX,THROH_REDUX,L1
2296,"Sneasler Mega",SPECIES_SNEASLER_MEGA,SNEASLER_MEGA,L1
2297,"Clefable Mega",SPECIES_CLEFABLE_MEGA,CLEFABLE_MEGA,L1
2298,"Tsareena Mega",SPECIES_TSAREENA_MEGA,TSAREENA_MEGA,L1
2299,"Goodra Hisuian Mega",SPECIES_GOODRA_HISUIAN_MEGA,GOODRA_HISUIAN_MEGA,L1
2300,"Hariyama Mega",SPECIES_HARIYAMA_MEGA,HARIYAMA_MEGA,L1
2301,"Swablu Redux",SPECIES_SWABLU_REDUX,SWABLU_REDUX,L1
2302,"Altaria Redux",SPECIES_ALTARIA_REDUX,ALTARIA_REDUX,L1
2303,"Altaria Redux Mega",SPECIES_ALTARIA_REDUX_MEGA,ALTARIA_REDUX_MEGA,L1
2304,"Eraticate",SPECIES_ERATICATE,ERATICATE,L1
2305,"Exeggcute Redux",SPECIES_EXEGGCUTE_REDUX,EXEGGCUTE_REDUX,L1
2306,"Exeggutor Redux",SPECIES_EXEGGUTOR_REDUX,EXEGGUTOR_REDUX,L1
2307,"Luxzero Mega",SPECIES_LUXZERO_MEGA,LUXZERO_MEGA,L1
2501,"Kecleong",SPECIES_KECLEONG,KECLEONG,L1
2502,"Infernape Redux B",SPECIES_INFERNAPE_REDUX_B,INFERNAPE_REDUX_B,L1
2503,"Noibat Redux",SPECIES_NOIBAT_REDUX,NOIBAT_REDUX,L1
2504,"Noivern Redux",SPECIES_NOIVERN_REDUX,NOIVERN_REDUX,L1
2505,"Luxzero",SPECIES_LUXZERO,LUXZERO,L1
2506,"Clawtificer",SPECIES_CLAWITZER_REDUX,CLAWITZER_REDUX,L1
2507,"Honedge Redux",SPECIES_HONEDGE_REDUX,HONEDGE_REDUX,L1
2508,"Doublade Redux",SPECIES_DOUBLADE_REDUX,DOUBLADE_REDUX,L1
2509,"Aegislash Redux",SPECIES_AEGISLASH_REDUX,AEGISLASH_REDUX,L1
2510,"Aegislash Blade Redux",SPECIES_AEGISLASH_BLADE_REDUX,AEGISLASH_BLADE_REDUX,L1
2511,"Abra Redux",SPECIES_ABRA_REDUX,ABRA_REDUX,L1
2512,"Kadabra Redux",SPECIES_KADABRA_REDUX,KADABRA_REDUX,L1
2513,"Alakazam Redux",SPECIES_ALAKAZAM_REDUX,ALAKAZAM_REDUX,L1
2514,"Weedle Redux",SPECIES_WEEDLE_REDUX,WEEDLE_REDUX,L1
2515,"Kakuna Redux",SPECIES_KAKUNA_REDUX,KAKUNA_REDUX,L1
2516,"Beedrill Redux",SPECIES_BEEDRILL_REDUX,BEEDRILL_REDUX,L1
2517,"Stufful Redux",SPECIES_STUFFUL_REDUX,STUFFUL_REDUX,L1
2518,"Bewear Redux",SPECIES_BEWEAR_REDUX,BEWEAR_REDUX,L1
2519,"Panpour Redux",SPECIES_PANPOUR_REDUX,PANPOUR_REDUX,L1
2520,"Simipour Redux",SPECIES_SIMIPOUR_REDUX,SIMIPOUR_REDUX,L1
2521,"Pansage Redux",SPECIES_PANSAGE_REDUX,PANSAGE_REDUX,L1
2522,"Simisage Redux",SPECIES_SIMISAGE_REDUX,SIMISAGE_REDUX,L1
2523,"Pansear Redux",SPECIES_PANSEAR_REDUX,PANSEAR_REDUX,L1
2524,"Simisear Redux",SPECIES_SIMISEAR_REDUX,SIMISEAR_REDUX,L1
2525,"Slugma Redux",SPECIES_SLUGMA_REDUX,SLUGMA_REDUX,L1
2526,"Magcargo Redux",SPECIES_MAGCARGO_REDUX,MAGCARGO_REDUX,L1
2527,"Buizel Redux",SPECIES_BUIZEL_REDUX,BUIZEL_REDUX,L1
2528,"Floatzel Redux",SPECIES_FLOATZEL_REDUX,FLOATZEL_REDUX,L1
2529,"Azelf Redux",SPECIES_AZELF_REDUX,AZELF_REDUX,L1
2530,"Mesprit Redux",SPECIES_MESPRIT_REDUX,MESPRIT_REDUX,L1
2531,"Uxie Redux",SPECIES_UXIE_REDUX,UXIE_REDUX,L1
2532,"Machop Redux",SPECIES_MACHOP_REDUX,MACHOP_REDUX,L1
2533,"Machoke Redux",SPECIES_MACHOKE_REDUX,MACHOKE_REDUX,L1
2534,"Machamp Redux",SPECIES_MACHAMP_REDUX,MACHAMP_REDUX,L1
2535,"Solosis Redux",SPECIES_SOLOSIS_REDUX,SOLOSIS_REDUX,L1
2536,"Duosion Redux",SPECIES_DUOSION_REDUX,DUOSION_REDUX,L1
2537,"Reuniclus Redux",SPECIES_REUNICLUS_REDUX,REUNICLUS_REDUX,L1
2538,"Skarmory Redux",SPECIES_SKARMORY_REDUX,SKARMORY_REDUX,L1
2539,"Growlithe Redux",SPECIES_GROWLITHE_REDUX,GROWLITHE_REDUX,L1
2540,"Arcanine Redux",SPECIES_ARCANINE_REDUX,ARCANINE_REDUX,L1
2541,"Whismur Redux",SPECIES_WHISMUR_REDUX,WHISMUR_REDUX,L1
2542,"Loudred Redux",SPECIES_LOUDRED_REDUX,LOUDRED_REDUX,L1
2543,"Exploud Redux",SPECIES_EXPLOUD_REDUX,EXPLOUD_REDUX,L1
2544,"Gible Redux",SPECIES_GIBLE_REDUX,GIBLE_REDUX,L1
2545,"Gabite Redux",SPECIES_GABITE_REDUX,GABITE_REDUX,L1
2546,"Garchomp Redux",SPECIES_GARCHOMP_REDUX,GARCHOMP_REDUX,L1
2547,"Deino Redux",SPECIES_DEINO_REDUX,DEINO_REDUX,L1
2548,"Zweilous Redux",SPECIES_ZWEILOUS_REDUX,ZWEILOUS_REDUX,L1
2549,"Hydreigon Redux",SPECIES_HYDREIGON_REDUX,HYDREIGON_REDUX,L1
2550,"Pawniard Redux",SPECIES_PAWNIARD_REDUX,PAWNIARD_REDUX,L1
2551,"Bisharp Redux",SPECIES_BISHARP_REDUX,BISHARP_REDUX,L1
2552,"Mawile Redux",SPECIES_MAWILE_REDUX,MAWILE_REDUX,L1
2553,"Sableye Redux",SPECIES_SABLEYE_REDUX,SABLEYE_REDUX,L1
2554,"Houndour Redux",SPECIES_HOUNDOUR_REDUX,HOUNDOUR_REDUX,L1
2555,"Houndoom Redux",SPECIES_HOUNDOOM_REDUX,HOUNDOOM_REDUX,L1
2556,"Doduo Redux",SPECIES_DODUO_REDUX,DODUO_REDUX,L1
2557,"Dodrio Redux",SPECIES_DODRIO_REDUX,DODRIO_REDUX,L1
2558,"Kingambit Redux",SPECIES_KINGAMBIT_REDUX,KINGAMBIT_REDUX,L1
2559,"Larvitar Redux",SPECIES_LARVITAR_REDUX,LARVITAR_REDUX,L1
2560,"Pupitar Redux",SPECIES_PUPITAR_REDUX,PUPITAR_REDUX,L1
2561,"Tyranitar Redux",SPECIES_TYRANITAR_REDUX,TYRANITAR_REDUX,L1
2562,"Tyranitar Mega Redux",SPECIES_TYRANITAR_MEGA_REDUX,TYRANITAR_MEGA_REDUX,L1
2563,"Ursaluna Mega",SPECIES_URSALUNA_MEGA,URSALUNA_MEGA,L1
2564,"Iron Exo",SPECIES_IRON_EXO,IRON_EXO,L1
2565,"Scizor Redux",SPECIES_SCIZOR_REDUX,SCIZOR_REDUX,L1
2566,"Wooper Paldean",SPECIES_WOOPER_PALDEAN,WOOPER_PALDEAN,L1
2567,"Basculin White",SPECIES_BASCULIN_WHITESTRIPED,BASCULIN_WHITESTRIPED,L1
2568,"Escarginite Redux",SPECIES_ESCARGINITE_REDUX,ESCARGINITE_REDUX,L1
2569,"Dragonite Delivery",SPECIES_DRAGONITE_DELIVERY,DRAGONITE_DELIVERY,L1
2570,"Chien Pao Mega",SPECIES_CHIEN_PAO_MEGA,CHIEN_PAO_MEGA,L1
2571,"Dracovish Mega",SPECIES_DRACOVISH_MEGA,DRACOVISH_MEGA,L1
2572,"Iron Heart",SPECIES_LEDIAN_PARADOX,LEDIAN_PARADOX,L1
2573,"Snorlax Primal",SPECIES_SNORLAX_PRIMAL,SNORLAX_PRIMAL,L1
2574,"Victini Primal",SPECIES_VICTINI_PRIMAL,VICTINI_PRIMAL,L1
2575,"Wigglytuff Primal",SPECIES_WIGGLYTUFF_PRIMAL,WIGGLYTUFF_PRIMAL,L1
2576,"Flygon Redux B",SPECIES_FLYGON_REDUX_B,FLYGON_REDUX_B,L1
2577,"Flygon Redux B Mega",SPECIES_FLYGON_REDUX_B_MEGA,FLYGON_REDUX_B_MEGA,L1
2578,"Ribombee Redux",SPECIES_RIBOMBEE_REDUX,RIBOMBEE_REDUX,L1
2579,"Ribombee Redux Mega",SPECIES_RIBOMBEE_REDUX_MEGA,RIBOMBEE_REDUX_MEGA,L1
2580,"Weavile Redux",SPECIES_WEAVILE_REDUX,WEAVILE_REDUX,L1
2581,"Weavile Redux Mega",SPECIES_WEAVILE_REDUX_MEGA,WEAVILE_REDUX_MEGA,L1
2582,"Abomasnow Santa",SPECIES_ABOMASNOW_SANTA,ABOMASNOW_SANTA,L1
2583,"Bewear Angry",SPECIES_BEWEAR_ANGRY,BEWEAR_ANGRY,L1
2584,"Mimikyu Rayquaza",SPECIES_MIMIKYU_RAYQUAZA,MIMIKYU_RAYQUAZA,L1
2585,"Espeon Primal",SPECIES_ESPEON_GALAXY,ESPEON_GALAXY,L1
2586,"Darkrai Nightmare",SPECIES_DARKRAI_NIGHTMARE,DARKRAI_NIGHTMARE,L1
2587,"Solrock System",SPECIES_SOLROCK_SYSTEM,SOLROCK_SYSTEM,L1
2588,"Spectrier Cloud",SPECIES_SPECTRIER_CLOUD,SPECTRIER_CLOUD,L1
2589,"Calyrex Cloud Rider",SPECIES_CALYREX_CLOUD_RIDER,CALYREX_CLOUD_RIDER,L1
2590,"Mawile Redux B",SPECIES_MAWILE_REDUX_B,MAWILE_REDUX_B,L1
2591,"Mawile Redux B Mega",SPECIES_MAWILE_REDUX_B_MEGA,MAWILE_REDUX_B_MEGA,L1
2592,"Wigglytuff Apex",SPECIES_WIGGLYTUFF_APEX,WIGGLYTUFF_APEX,L1
2593,"Yveltal Mega",SPECIES_YVELTAL_MEGA,YVELTAL_MEGA,L1
2594,"Kartana Fallen",SPECIES_KARTANA_FALLEN,KARTANA_FALLEN,L1
2595,"Tinkaton Mega",SPECIES_TINKATON_MEGA,TINKATON_MEGA,L1
2596,"Turtwig Redux",SPECIES_TURTWIG_REDUX,TURTWIG_REDUX,L1
2597,"Grotle Redux",SPECIES_GROTLE_REDUX,GROTLE_REDUX,L1
2598,"Torterra Redux",SPECIES_TORTERRA_REDUX,TORTERRA_REDUX,L1
2599,"Chimchar Redux",SPECIES_CHIMCHAR_REDUX,CHIMCHAR_REDUX,L1
2600,"Monferno Redux",SPECIES_MONFERNO_REDUX,MONFERNO_REDUX,L1
2601,"Infernape Redux",SPECIES_INFERNAPE_REDUX,INFERNAPE_REDUX,L1
2602,"Piplup Redux",SPECIES_PIPLUP_REDUX,PIPLUP_REDUX,L1
2603,"Prinplup Redux",SPECIES_PRINPLUP_REDUX,PRINPLUP_REDUX,L1
2604,"Empoleon Redux",SPECIES_EMPOLEON_REDUX,EMPOLEON_REDUX,L1
2605,"Bounsweet Redux",SPECIES_BOUNSWEET_REDUX,BOUNSWEET_REDUX,L1
2606,"Steenee Redux",SPECIES_STEENEE_REDUX,STEENEE_REDUX,L1
2607,"Tsareena Redux",SPECIES_TSAREENA_REDUX,TSAREENA_REDUX,L1
2608,"Toxel Redux",SPECIES_TOXEL_REDUX,TOXEL_REDUX,L1
2609,"Toxtricity Redux",SPECIES_TOXTRICITY_REDUX,TOXTRICITY_REDUX,L1
2610,"Toxtricity Redux Fuzz",SPECIES_TOXTRICITY_REDUX_FUZZ,TOXTRICITY_REDUX_FUZZ,L1
2611,"Trapinch Redux",SPECIES_TRAPINCH_REDUX,TRAPINCH_REDUX,L1
2612,"Vibrava Redux",SPECIES_VIBRAVA_REDUX,VIBRAVA_REDUX,L1
2613,"Flygon Redux",SPECIES_FLYGON_REDUX,FLYGON_REDUX,L1
2614,"Crabrawler Redux",SPECIES_CRABRAWLER_REDUX,CRABRAWLER_REDUX,L1
2615,"Crabominable Redux",SPECIES_CRABOMINABLE_REDUX,CRABOMINABLE_REDUX,L1
2616,"Cleffa Redux",SPECIES_CLEFFA_REDUX,CLEFFA_REDUX,L1
2617,"Clefairy Redux",SPECIES_CLEFAIRY_REDUX,CLEFAIRY_REDUX,L1
2618,"Clefable Redux",SPECIES_CLEFABLE_REDUX,CLEFABLE_REDUX,L1
2619,"Gligar Redux",SPECIES_GLIGAR_REDUX,GLIGAR_REDUX,L1
2620,"Gliscor Redux",SPECIES_GLISCOR_REDUX,GLISCOR_REDUX,L1
2621,"Psyduck Redux",SPECIES_PSYDUCK_REDUX,PSYDUCK_REDUX,L1
2622,"Seel Redux",SPECIES_SEEL_REDUX,SEEL_REDUX,L1
2623,"Dewgong Redux",SPECIES_DEWGONG_REDUX,DEWGONG_REDUX,L1
2624,"Snorunt Redux",SPECIES_SNORUNT_REDUX,SNORUNT_REDUX,L1
2625,"Glalie Redux",SPECIES_GLALIE_REDUX,GLALIE_REDUX,L1
2626,"Froslass Redux",SPECIES_FROSLASS_REDUX,FROSLASS_REDUX,L1
2627,"Darumaka Redux",SPECIES_DARUMAKA_REDUX,DARUMAKA_REDUX,L1
2628,"Darmanitan Redux",SPECIES_DARMANITAN_REDUX,DARMANITAN_REDUX,L1
2629,"Darmanitan Aura",SPECIES_DARMANITAN_REDUX_AURA,DARMANITAN_REDUX_AURA,L1
2630,"Darmanitan Redux Bond",SPECIES_DARMANITAN_REDUX_BOND,DARMANITAN_REDUX_BOND,L1
2631,"Happiny Redux",SPECIES_HAPPINY_REDUX,HAPPINY_REDUX,L1
2632,"Chansey Redux",SPECIES_CHANSEY_REDUX,CHANSEY_REDUX,L1
2633,"Blissey Redux",SPECIES_BLISSEY_REDUX,BLISSEY_REDUX,L1
2634,"Spiritomb Redux",SPECIES_SPIRITOMB_REDUX,SPIRITOMB_REDUX,L1
2635,"Blunder-Darmanitan",SPECIES_DARMANITAN_REDUX_BLUNDER,DARMANITAN_REDUX_BLUNDER,L1
2636,"Dewpider Redux",SPECIES_DEWPIDER_REDUX,DEWPIDER_REDUX,L1
2637,"Araquanid Redux",SPECIES_ARAQUANID_REDUX,ARAQUANID_REDUX,L1
2638,"Mimikyu Apex",SPECIES_MIMIKYU_APEX,MIMIKYU_APEX,L1
2639,"Mimikyu Apex Busted",SPECIES_MIMIKYU_APEX_BUSTED,MIMIKYU_APEX_BUSTED,L1
2640,"Tinkatink Redux",SPECIES_TINKATINK_REDUX,TINKATINK_REDUX,L1
2641,"Tinkatuff Redux",SPECIES_TINKATUFF_REDUX,TINKATUFF_REDUX,L1
2642,"Tinkaton Redux",SPECIES_TINKATON_REDUX,TINKATON_REDUX,L1
2643,"Tinkaton Redux Mega",SPECIES_TINKATON_REDUX_MEGA,TINKATON_REDUX_MEGA,L1
2645,"Scyther Redux",SPECIES_SCYTHER_REDUX,SCYTHER_REDUX,L1
2646,"Scyther Redux Mega",SPECIES_SCYTHER_REDUX_MEGA,SCYTHER_REDUX_MEGA,L1
2647,"Scizor Redux Mega",SPECIES_SCIZOR_REDUX_MEGA,SCIZOR_REDUX_MEGA,L1
2648,"Kleavor Redux",SPECIES_KLEAVOR_REDUX,KLEAVOR_REDUX,L1
2649,"Kleavor Redux Mega",SPECIES_KLEAVOR_REDUX_MEGA,KLEAVOR_REDUX_MEGA,L1
2650,"Krabby Redux",SPECIES_KRABBY_REDUX,KRABBY_REDUX,L1
2651,"Kingler Redux",SPECIES_KINGLER_REDUX,KINGLER_REDUX,L1
2652,"Kingler Redux Mega",SPECIES_KINGLER_REDUX_MEGA,KINGLER_REDUX_MEGA,L1
2653,"Shinx Redux",SPECIES_SHINX_REDUX,SHINX_REDUX,L1
2654,"Luxio Redux",SPECIES_LUXIO_REDUX,LUXIO_REDUX,L1
2655,"Luxray Redux",SPECIES_LUXRAY_REDUX,LUXRAY_REDUX,L1
2656,"Luxray Redux Mega",SPECIES_LUXRAY_REDUX_MEGA,LUXRAY_REDUX_MEGA,L1
2657,"Aron Redux",SPECIES_ARON_REDUX,ARON_REDUX,L1
2658,"Lairon Redux",SPECIES_LAIRON_REDUX,LAIRON_REDUX,L1
2659,"Aggron Redux",SPECIES_AGGRON_REDUX,AGGRON_REDUX,L1
2660,"Aggron Redux Mega",SPECIES_AGGRON_REDUX_MEGA,AGGRON_REDUX_MEGA,L1
2661,"Makuhita Redux",SPECIES_MAKUHITA_REDUX,MAKUHITA_REDUX,L1
2662,"Hariyama Redux",SPECIES_HARIYAMA_REDUX,HARIYAMA_REDUX,L1
2663,"Kilozuna",SPECIES_KILOZUNA,KILOZUNA,L1
2664,"Kilozuna Mega",SPECIES_KILOZUNA_MEGA,KILOZUNA_MEGA,L1
2665,"Fogging",SPECIES_FOGGING,FOGGING,L1
2666,"Breezing",SPECIES_BREEZING,BREEZING,L1
2667,"Storming",SPECIES_STORMING,STORMING,L1
2668,"Ralts Redux",SPECIES_RALTS_REDUX,RALTS_REDUX,L1
2669,"Kirlia Redux",SPECIES_KIRLIA_REDUX,KIRLIA_REDUX,L1
2670,"Gardevoir Redux",SPECIES_GARDEVOIR_REDUX,GARDEVOIR_REDUX,L1
2671,"Gallade Redux",SPECIES_GALLADE_REDUX,GALLADE_REDUX,L1
2672,"Gardevoir Redux Mega",SPECIES_GARDEVOIR_REDUX_MEGA,GARDEVOIR_REDUX_MEGA,L1
2673,"Gallade Redux Mega",SPECIES_GALLADE_REDUX_MEGA,GALLADE_REDUX_MEGA,L1
2674,"Merrykarp",SPECIES_MERRYKARP,MERRYKARP,L1
2675,"Gyarevelry",SPECIES_GYAREVALRY,GYAREVALRY,L1
2676,"Munchlax Redux",SPECIES_MUNCHLAX_REDUX,MUNCHLAX_REDUX,L1
2677,"Snorlax Redux",SPECIES_SNORLAX_REDUX,SNORLAX_REDUX,L1
2678,"Snorlax Redux Mega",SPECIES_SNORLAX_REDUX_MEGA,SNORLAX_REDUX_MEGA,L1
2679,"Spearow Redux",SPECIES_SPEAROW_REDUX,SPEAROW_REDUX,L1
2680,"Fearow Redux",SPECIES_FEAROW_REDUX,FEAROW_REDUX,L1
2681,"Terrow",SPECIES_FEAROW_REDUX_EVO,FEAROW_REDUX_EVO,L1
2900,"Slate",SPECIES_SLATE,SLATE,L1
